user,repository_name,url,size,stargazers_count,forks_count,open_issues
cilium,ebpf,https://github.com/cilium/ebpf.git,16916,2562,276,29
cilium,cilium,https://github.com/cilium/cilium.git,195927,11500,1521,962
zoidbergwill,awesome-ebpf,https://github.com/zoidbergwill/awesome-ebpf.git,916,2155,192,7
iovisor,bpftrace,https://github.com/iovisor/bpftrace.git,7293,5204,791,270
cloudflare,ebpf_exporter,https://github.com/cloudflare/ebpf_exporter.git,4434,1244,135,14
microsoft,ebpf-for-windows,https://github.com/microsoft/ebpf-for-windows.git,8879,1364,103,104
aquasecurity,tracee,https://github.com/aquasecurity/tracee.git,10212,1775,210,169
Gui774ume,ebpfkit,https://github.com/Gui774ume/ebpfkit.git,7982,292,40,3
ehids,ecapture,https://github.com/ehids/ecapture.git,6794,2931,321,2
newtools,ebpf,https://github.com/newtools/ebpf.git,2053,243,24,6
harporoeder,ebpfsnitch,https://github.com/harporoeder/ebpfsnitch.git,621,634,26,3
cilium,hubble,https://github.com/cilium/hubble.git,18582,1919,139,47
lizrice,ebpf-beginners,https://github.com/lizrice/ebpf-beginners.git,18,238,30,1
vbpf,ebpf-verifier,https://github.com/vbpf/ebpf-verifier.git,4807,201,29,23
ebpf-io,ebpf.io,https://github.com/ebpf-io/ebpf.io.git,29268,81,38,12
foniod,redbpf,https://github.com/foniod/redbpf.git,1296,1186,98,46
nevermosby,linux-bpf-learning,https://github.com/nevermosby/linux-bpf-learning.git,111,271,68,3
nccgroup,ebpf,https://github.com/nccgroup/ebpf.git,2059,88,13,2
chompie1337,Linux_LPE_eBPF_CVE-2021-3490,https://github.com/chompie1337/Linux_LPE_eBPF_CVE-2021-3490.git,39,235,48,0
aquasecurity,libbpfgo,https://github.com/aquasecurity/libbpfgo.git,635,259,48,34
dropbox,goebpf,https://github.com/dropbox/goebpf.git,1794,911,65,9
feiskyer,ebpf-apps,https://github.com/feiskyer/ebpf-apps.git,4456,73,26,0
qmonnet,rbpf,https://github.com/qmonnet/rbpf.git,384,441,71,12
Sysinternals,SysinternalsEBPF,https://github.com/Sysinternals/SysinternalsEBPF.git,292,143,16,6
mehrdadrad,tcpdog,https://github.com/mehrdadrad/tcpdog.git,2423,182,18,0
generic-ebpf,generic-ebpf,https://github.com/generic-ebpf/generic-ebpf.git,6062,123,14,2
cilium,pwru,https://github.com/cilium/pwru.git,2666,718,49,12
Nalen98,eBPF-for-Ghidra,https://github.com/Nalen98/eBPF-for-Ghidra.git,2772,115,23,0
rprinz08,hBPF,https://github.com/rprinz08/hBPF.git,8377,278,13,0
DavadDi,bpf_study,https://github.com/DavadDi/bpf_study.git,26829,644,187,2
ntop,libebpfflow,https://github.com/ntop/libebpfflow.git,363,284,33,1
Orange-OpenSource,bmc-cache,https://github.com/Orange-OpenSource/bmc-cache.git,446,328,22,2
lizrice,libbpfgo-beginners,https://github.com/lizrice/libbpfgo-beginners.git,28,139,30,0
libbpf,libbpf-rs,https://github.com/libbpf/libbpf-rs.git,2047,285,53,14
trailofbits,ebpfpub,https://github.com/trailofbits/ebpfpub.git,306,82,9,3
brendangregg,BPF-tools,https://github.com/brendangregg/BPF-tools.git,48,77,22,6
ehids,ebpfmanager,https://github.com/ehids/ebpfmanager.git,235,86,8,0
ehids,slide,https://github.com/ehids/slide.git,136844,144,36,0
kris-nova,boopkit,https://github.com/kris-nova/boopkit.git,1622,809,76,4
nirmata,kube-netc,https://github.com/nirmata/kube-netc.git,575,73,17,6
isovalent,eCHO,https://github.com/isovalent/eCHO.git,423901,155,9,12
cyralinc,os-eBPF,https://github.com/cyralinc/os-eBPF.git,15,36,17,3
netdata,kernel-collector,https://github.com/netdata/kernel-collector.git,10070,39,14,13
DataDog,ebpfbench,https://github.com/DataDog/ebpfbench.git,12,72,6,0
dswarbrick,ebpf_exporter,https://github.com/dswarbrick/ebpf_exporter.git,194,65,9,0
l3af-project,l3afd,https://github.com/l3af-project/l3afd.git,210,96,11,21
linuxkerneltravel,eBPF,https://github.com/linuxkerneltravel/eBPF.git,1106,25,8,0
Gui774ume,ebpfkit-monitor,https://github.com/Gui774ume/ebpfkit-monitor.git,152,50,9,0
andrewkroh,go-ebpf,https://github.com/andrewkroh/go-ebpf.git,214,52,9,2
ihciah,clean-dns-bpf,https://github.com/ihciah/clean-dns-bpf.git,13,961,55,9
ehids,ehids-agent,https://github.com/ehids/ehids-agent.git,9503,177,30,0
cloudflare,cbpfc,https://github.com/cloudflare/cbpfc.git,157,128,14,1
trailofbits,ebpfault,https://github.com/trailofbits/ebpfault.git,35,53,6,1
DavadDi,skbtracer,https://github.com/DavadDi/skbtracer.git,18,39,12,1
polycube-network,polycube,https://github.com/polycube-network/polycube.git,21113,341,83,58
Kindling-project,kindling,https://github.com/Kindling-project/kindling.git,5045,62,12,20
yadutaf,tracepkt,https://github.com/yadutaf/tracepkt.git,16,208,49,1
snorez,ebpf-fuzzer,https://github.com/snorez/ebpf-fuzzer.git,22,53,7,1
time-river,Linux-eBPF-Learning,https://github.com/time-river/Linux-eBPF-Learning.git,404,51,10,2
mbertrone,bpf-iptables,https://github.com/mbertrone/bpf-iptables.git,6,85,14,0
linuxkerneltravel,lmp,https://github.com/linuxkerneltravel/lmp.git,169259,177,66,7
williamtu,ovs-ebpf,https://github.com/williamtu/ovs-ebpf.git,60261,34,8,4
badboy,ebpf-icmp-ping,https://github.com/badboy/ebpf-icmp-ping.git,5,35,11,1
weaveworks,tcptracer-bpf,https://github.com/weaveworks/tcptracer-bpf.git,332,327,62,15
falcosecurity,driverkit,https://github.com/falcosecurity/driverkit.git,521,43,36,13
rlane,ubpf,https://github.com/rlane/ubpf.git,224,76,102,2
pathtofile,bad-bpf,https://github.com/pathtofile/bad-bpf.git,1389,159,24,0
redcanaryco,redcanary-ebpf-sensor,https://github.com/redcanaryco/redcanary-ebpf-sensor.git,393,35,9,0
solo-io,bumblebee,https://github.com/solo-io/bumblebee.git,2850,835,34,12
saaph,eBPF_processor,https://github.com/saaph/eBPF_processor.git,40,22,13,0
rubrikinc,wachy,https://github.com/rubrikinc/wachy.git,1812,417,6,2
grantseltzer,weaver,https://github.com/grantseltzer/weaver.git,2348,232,15,18
falcosecurity,libs,https://github.com/falcosecurity/libs.git,16335,82,76,38
zachidan,ebpf-sockops,https://github.com/zachidan/ebpf-sockops.git,15,25,7,1
dylandreimerink,edb,https://github.com/dylandreimerink/edb.git,1670,116,4,1
merbridge,merbridge,https://github.com/merbridge/merbridge.git,273,314,34,12
xdp-project,xdp-project,https://github.com/xdp-project/xdp-project.git,38215,174,30,5
bolinfest,opensnoop-native,https://github.com/bolinfest/opensnoop-native.git,147,83,8,3
redcanaryco,oxidebpf,https://github.com/redcanaryco/oxidebpf.git,720,72,8,0
l3af-project,eBPF-Package-Repository,https://github.com/l3af-project/eBPF-Package-Repository.git,326,11,7,12
netgroup-polito,ebpf-test,https://github.com/netgroup-polito/ebpf-test.git,5523,35,5,0
falcosecurity,falco,https://github.com/falcosecurity/falco.git,11782,4749,648,94
aya-rs,aya,https://github.com/aya-rs/aya.git,2030,832,55,75
YutaroHayakawa,vale-bpf,https://github.com/YutaroHayakawa/vale-bpf.git,193,27,6,0
bolinfest,rust-ebpf-demo,https://github.com/bolinfest/rust-ebpf-demo.git,142,22,7,1
singe,ebpf-docker-for-mac,https://github.com/singe/ebpf-docker-for-mac.git,1,36,6,2
vbpf,ebpf-samples,https://github.com/vbpf/ebpf-samples.git,2180,23,5,2
elastic,ebpf,https://github.com/elastic/ebpf.git,14826,26,4,6
bpftools,bpf-workshop,https://github.com/bpftools/bpf-workshop.git,2806,43,9,0
trailofbits,ebpf-common,https://github.com/trailofbits/ebpf-common.git,122,13,7,1
vmware,p4c-xdp,https://github.com/vmware/p4c-xdp.git,9915,155,26,20
ahas-sigs,kube-ebpf-exporter,https://github.com/ahas-sigs/kube-ebpf-exporter.git,2770,27,6,0
ShiftLeftSecurity,traceleft,https://github.com/ShiftLeftSecurity/traceleft.git,17223,70,14,1
alban,golang-ebpf,https://github.com/alban/golang-ebpf.git,1352,9,7,1
willfindlay,bpfbox,https://github.com/willfindlay/bpfbox.git,4736,89,7,1
vitalyvch,strace.ebpf,https://github.com/vitalyvch/strace.ebpf.git,505,14,6,53
aojea,netkat,https://github.com/aojea/netkat.git,10438,117,5,1
0voice,kernel_new_features,https://github.com/0voice/kernel_new_features.git,76943,922,97,0
niclashedam,ebpf-kill-example,https://github.com/niclashedam/ebpf-kill-example.git,516,10,8,1
foniod,foniod,https://github.com/foniod/foniod.git,3475,350,27,8
ajor,bpftrace,https://github.com/ajor/bpftrace.git,1792,243,15,20
DataDog,ebpf-manager,https://github.com/DataDog/ebpf-manager.git,871,16,4,2
fzakaria,ebpf-mpls-encap-decap,https://github.com/fzakaria/ebpf-mpls-encap-decap.git,50,30,4,0
mikeroyal,eBPF-Guide,https://github.com/mikeroyal/eBPF-Guide.git,60,27,4,0
kinvolk-archives,cgroup-ebpf,https://github.com/kinvolk-archives/cgroup-ebpf.git,99,16,4,1
dippynark,bpf-sockmap,https://github.com/dippynark/bpf-sockmap.git,126,12,7,2
jsitnicki,ebpf-summit-2020,https://github.com/jsitnicki/ebpf-summit-2020.git,301,24,4,1
Juniper,ebplane,https://github.com/Juniper/ebplane.git,104,21,4,1
zaheersm,ebpf-trekking,https://github.com/zaheersm/ebpf-trekking.git,78,4,7,0
ns1,xdp-workshop,https://github.com/ns1/xdp-workshop.git,364,73,19,0
badboy,ebpf-disasm,https://github.com/badboy/ebpf-disasm.git,14,24,4,1
lizrice,lb-from-scratch,https://github.com/lizrice/lb-from-scratch.git,19,128,18,1
nacardin,ebpf-proxy,https://github.com/nacardin/ebpf-proxy.git,18,14,4,0
mechpen,sockdump,https://github.com/mechpen/sockdump.git,245,160,23,1
aquasecurity,btfhub,https://github.com/aquasecurity/btfhub.git,10847,105,11,6
epickrram,grav,https://github.com/epickrram/grav.git,230,273,19,4
acln0,ebpf,https://github.com/acln0/ebpf.git,123,25,2,0
weixingsun,jBProF,https://github.com/weixingsun/jBProF.git,2877,32,3,1
b3a-dev,ebpf-geoip-demo,https://github.com/b3a-dev/ebpf-geoip-demo.git,830,31,3,0
tuxology,libebpf,https://github.com/tuxology/libebpf.git,4356,14,4,0
zaafar,ebpf_turtle,https://github.com/zaafar/ebpf_turtle.git,24,6,5,0
FedeParola,ebpf-synflood-detector,https://github.com/FedeParola/ebpf-synflood-detector.git,21,10,5,0
samuelesabella,ebpflow,https://github.com/samuelesabella/ebpflow.git,309,11,3,0
pmem,vltrace,https://github.com/pmem/vltrace.git,1198,74,14,1
cilium,cilium-cli,https://github.com/cilium/cilium-cli.git,25942,125,63,113
Gui774ume,ssh-probe,https://github.com/Gui774ume/ssh-probe.git,1586,23,5,0
lockc-project,lockc,https://github.com/lockc-project/lockc.git,2308,108,12,27
bpftools,prometheus-ebpf-example,https://github.com/bpftools/prometheus-ebpf-example.git,16,22,3,0
pixie-io,pixie-demos,https://github.com/pixie-io/pixie-demos.git,4127,103,22,1
moolen,udplb,https://github.com/moolen/udplb.git,29,31,3,0
UofG-netlab,BPFabric,https://github.com/UofG-netlab/BPFabric.git,186,23,13,2
simar7,ebpfwall,https://github.com/simar7/ebpfwall.git,48,9,3,2
YutaroHayakawa,ipftrace2,https://github.com/YutaroHayakawa/ipftrace2.git,17668,254,10,0
leodido,demo-cloud-native-ebpf-day,https://github.com/leodido/demo-cloud-native-ebpf-day.git,76,14,4,0
libbpf,libbpf-sys,https://github.com/libbpf/libbpf-sys.git,126,57,22,1
parca-dev,parca-agent,https://github.com/parca-dev/parca-agent.git,9546,107,23,42
fujita,greeter-bpf,https://github.com/fujita/greeter-bpf.git,14,80,4,0
rafaeldtinoco,howtos,https://github.com/rafaeldtinoco/howtos.git,34026,64,10,0
chriskaliX,Hades,https://github.com/chriskaliX/Hades.git,1530,147,17,5
Gui774ume,fsprobe,https://github.com/Gui774ume/fsprobe.git,3616,17,7,0
pathtofile,bpf-hookdetect,https://github.com/pathtofile/bpf-hookdetect.git,1810,20,3,1
criticalstack,swoll,https://github.com/criticalstack/swoll.git,2052,68,8,1
sematext,oxdpus,https://github.com/sematext/oxdpus.git,42,60,15,3
linux-lock,bpflock,https://github.com/linux-lock/bpflock.git,5216,55,4,3
KernelErr,foxear,https://github.com/KernelErr/foxear.git,941,67,10,1
ti-mo,conntracct,https://github.com/ti-mo/conntracct.git,543,58,9,7
Geal,rust-ebpf-demo,https://github.com/Geal/rust-ebpf-demo.git,1,11,3,1
Lawouach,ebpf-2021-talk,https://github.com/Lawouach/ebpf-2021-talk.git,20,6,4,0
cloudalchemy,ansible-ebpf_exporter,https://github.com/cloudalchemy/ansible-ebpf_exporter.git,52,5,4,1
sourque,louis,https://github.com/sourque/louis.git,856,25,5,0
zebaz,xpress-dns,https://github.com/zebaz/xpress-dns.git,57,31,3,0
elastic,bpfcov,https://github.com/elastic/bpfcov.git,1446,103,7,2
oskardrums,ebpf,https://github.com/oskardrums/ebpf.git,264,43,1,4
aya-rs,aya-log,https://github.com/aya-rs/aya-log.git,28,13,4,1
ntop,ntopng,https://github.com/ntop/ntopng.git,324399,4524,561,239
devopsspiral,ebpf-bt-unlock,https://github.com/devopsspiral/ebpf-bt-unlock.git,2,21,2,0
ebpf-io,bsc,https://github.com/ebpf-io/bsc.git,12,7,3,2
rebpf,rebpf,https://github.com/rebpf/rebpf.git,200,35,7,7
ygrek,ocaml-bpf,https://github.com/ygrek/ocaml-bpf.git,13,18,2,1
lizrice,ebpf-networking,https://github.com/lizrice/ebpf-networking.git,11,62,1,1
grantseltzer,messing-around-with-ebpf,https://github.com/grantseltzer/messing-around-with-ebpf.git,8592,7,3,0
path-network,bpf-echo,https://github.com/path-network/bpf-echo.git,4,27,5,0
mclenhard,ebpf-summit,https://github.com/mclenhard/ebpf-summit.git,6,13,2,1
fuweid,embedshim,https://github.com/fuweid/embedshim.git,991,75,5,3
sysprog21,sehttpd,https://github.com/sysprog21/sehttpd.git,38,60,49,0
florianl,tc-skeleton,https://github.com/florianl/tc-skeleton.git,6,27,6,0
netbound,p2pflow,https://github.com/netbound/p2pflow.git,4263,18,2,1
libbpf,bpftool,https://github.com/libbpf/bpftool.git,1089,23,8,2
skydive-project,skydive,https://github.com/skydive-project/skydive.git,66903,2171,380,132
dany74q,pyebpf,https://github.com/dany74q/pyebpf.git,38,22,4,1
kubearmor,KubeArmor,https://github.com/kubearmor/KubeArmor.git,22509,362,91,49
cloudflare,tubular,https://github.com/cloudflare/tubular.git,3032,144,3,2
coroot,coroot-node-agent,https://github.com/coroot/coroot-node-agent.git,208,73,5,0
fntlnz,influxdb-ebpf-example,https://github.com/fntlnz/influxdb-ebpf-example.git,419,15,2,0
nyrahul,ebpf-guide,https://github.com/nyrahul/ebpf-guide.git,2434,11,2,0
YutaroHayakawa,ipftrace,https://github.com/YutaroHayakawa/ipftrace.git,121,60,5,2
byoman,intro-ebpf,https://github.com/byoman/intro-ebpf.git,878,10,2,0
aya-rs,book,https://github.com/aya-rs/book.git,2227,13,7,9
mrtc0,bouheki,https://github.com/mrtc0/bouheki.git,1458,35,3,9
genuinetools,bpfd,https://github.com/genuinetools/bpfd.git,3747,436,38,4
mmat11,beewall,https://github.com/mmat11/beewall.git,64,4,3,0
Yelp,pidtree-bcc,https://github.com/Yelp/pidtree-bcc.git,328,28,3,0
CrowdStrike,bpfmon-example,https://github.com/CrowdStrike/bpfmon-example.git,1288,9,3,0
chenhengqi,bpf-examples,https://github.com/chenhengqi/bpf-examples.git,635,19,6,0
iovisor,iovisor-ovn,https://github.com/iovisor/iovisor-ovn.git,3058,62,16,3
ashhadsheikh,ebpf,https://github.com/ashhadsheikh/ebpf.git,6,4,2,0
netdata,ebpf-co-re,https://github.com/netdata/ebpf-co-re.git,917,4,3,0
emilmasoumi,ebpf-assembler,https://github.com/emilmasoumi/ebpf-assembler.git,132,6,2,0
Gui774ume,network-security-probe,https://github.com/Gui774ume/network-security-probe.git,675,33,5,0
p-,socket-connect-bpf,https://github.com/p-/socket-connect-bpf.git,16937,28,5,0
Xilinx-CNS,ebpf_asm,https://github.com/Xilinx-CNS/ebpf_asm.git,113,30,1,0
lowprivshighhopes,ebpf-tools,https://github.com/lowprivshighhopes/ebpf-tools.git,5557,0,4,0
Dantali0n,qemu-csd,https://github.com/Dantali0n/qemu-csd.git,19986,15,7,0
Netronome,bpf-tool,https://github.com/Netronome/bpf-tool.git,50,25,5,0
iovisor,kubectl-trace,https://github.com/iovisor/kubectl-trace.git,9603,1578,122,36
trapmine,trapmine-linux-sensor,https://github.com/trapmine/trapmine-linux-sensor.git,4614,18,4,2
willfindlay,bpfcontain-rs,https://github.com/willfindlay/bpfcontain-rs.git,1440,35,8,8
microsoft,ebpf-for-windows-demo,https://github.com/microsoft/ebpf-for-windows-demo.git,301,6,2,1
OSH-2019,x-monthly-subscription,https://github.com/OSH-2019/x-monthly-subscription.git,90274,18,4,0
Netronome,libkefir,https://github.com/Netronome/libkefir.git,303,48,8,0
s41m0n,eBPF_TrafficAnalyzer,https://github.com/s41m0n/eBPF_TrafficAnalyzer.git,162,5,2,0
thanos-community,ebpf-instrumentation,https://github.com/thanos-community/ebpf-instrumentation.git,446,19,0,0
mscastanho,bpf-tutorial,https://github.com/mscastanho/bpf-tutorial.git,5838,7,7,0
markpash,flowlat,https://github.com/markpash/flowlat.git,116,19,4,2
DavadDi,bpf_demo,https://github.com/DavadDi/bpf_demo.git,9863,21,5,0
booyaa,vagrant-bcctools,https://github.com/booyaa/vagrant-bcctools.git,7,7,6,1
ldorau,strace.ebpf,https://github.com/ldorau/strace.ebpf.git,856,3,2,1
gpioblink,ebpf-usb-inspector,https://github.com/gpioblink/ebpf-usb-inspector.git,9,20,0,0
xzpeter,rt-trace-bpf,https://github.com/xzpeter/rt-trace-bpf.git,58,5,2,0
praparn,dev-mountain-fest-ebpf-032022,https://github.com/praparn/dev-mountain-fest-ebpf-032022.git,4405,1,4,0
evilsocket,clang-ebpf-builder,https://github.com/evilsocket/clang-ebpf-builder.git,78,19,1,0
mJace,ebpfKit,https://github.com/mJace/ebpfKit.git,7449,7,0,0
prathyushpv,klockstat,https://github.com/prathyushpv/klockstat.git,32,9,5,1
yandex-cloud,skbtrace,https://github.com/yandex-cloud/skbtrace.git,93,65,3,0
CN-TU,machine-learning-in-ebpf,https://github.com/CN-TU/machine-learning-in-ebpf.git,535,17,0,0
pathtofile,bpf-pipesnoop,https://github.com/pathtofile/bpf-pipesnoop.git,1330,27,3,0
giuliafrascaria,ebpf-data-filter,https://github.com/giuliafrascaria/ebpf-data-filter.git,7014,18,0,0
gardener,connectivity-monitor,https://github.com/gardener/connectivity-monitor.git,3676,12,4,0
lumontec,lsmtrace,https://github.com/lumontec/lsmtrace.git,3625,14,5,2
pixie-io,pixie,https://github.com/pixie-io/pixie.git,57130,3168,201,79
nikofil,ebpf-firewall,https://github.com/nikofil/ebpf-firewall.git,16,13,1,2
CenturionInfoSec,ebpf-examples,https://github.com/CenturionInfoSec/ebpf-examples.git,5,14,2,0
cilium,hubble-ui,https://github.com/cilium/hubble-ui.git,23319,170,17,10
jpirko,rocker_bpf,https://github.com/jpirko/rocker_bpf.git,935072,0,3,0
CrackerCat,Eebpf-kit,https://github.com/CrackerCat/Eebpf-kit.git,0,0,6,0
Gui774ume,utrace,https://github.com/Gui774ume/utrace.git,1261,10,3,1
netobserv,netobserv-ebpf-agent,https://github.com/netobserv/netobserv-ebpf-agent.git,4033,0,3,0
leodido,go-ebpf-examples,https://github.com/leodido/go-ebpf-examples.git,18,16,0,1
dpino,xdp_ipv6_filter,https://github.com/dpino/xdp_ipv6_filter.git,19,15,1,0
cpg1111,pprof-ebpf,https://github.com/cpg1111/pprof-ebpf.git,52,10,1,0
PeterXu,ebpf_reuseport,https://github.com/PeterXu/ebpf_reuseport.git,9,2,1,0
bm9w,ebpf-edr,https://github.com/bm9w/ebpf-edr.git,98,10,2,0
seek-ret,ebpf-training,https://github.com/seek-ret/ebpf-training.git,541,13,2,0
AlexanderKurtz,alfwrapper,https://github.com/AlexanderKurtz/alfwrapper.git,38,9,2,0
ancat,meatball,https://github.com/ancat/meatball.git,3,11,3,0
demining,bitcoind-observer-Google-Colab,https://github.com/demining/bitcoind-observer-Google-Colab.git,36,0,9,0
rolandobrondolin,DEEP-mon,https://github.com/rolandobrondolin/DEEP-mon.git,409,20,4,2
mmisono,rust-cbpf,https://github.com/mmisono/rust-cbpf.git,31,6,2,0
safchain,goebpf,https://github.com/safchain/goebpf.git,18,10,1,0
oscomp,proj148-RDMA-Driver-Rust-eBPF,https://github.com/oscomp/proj148-RDMA-Driver-Rust-eBPF.git,2,18,0,0
QMUL-EECS-Networks-Systems,ebpf-sketches,https://github.com/QMUL-EECS-Networks-Systems/ebpf-sketches.git,115,9,1,0
sustainable-computing-io,kepler,https://github.com/sustainable-computing-io/kepler.git,4083,17,4,2
tgross,ebpf-workshop-dodphilly2019,https://github.com/tgross/ebpf-workshop-dodphilly2019.git,48,10,0,0
chen-keinan,kube-knark,https://github.com/chen-keinan/kube-knark.git,6766,29,4,0
apache,skywalking-rover,https://github.com/apache/skywalking-rover.git,252,26,2,1
Jamesits,linux-gre-keepalive,https://github.com/Jamesits/linux-gre-keepalive.git,102,28,4,0
sfriberg,java-ebpf,https://github.com/sfriberg/java-ebpf.git,8,7,0,0
0xB10C,bitcoind-observer,https://github.com/0xB10C/bitcoind-observer.git,40,23,2,1
taavi013,erl_ebpf,https://github.com/taavi013/erl_ebpf.git,52,7,0,0
cneira,ebpf-backports,https://github.com/cneira/ebpf-backports.git,213474,6,0,0
fbs,el7-bpf-specs,https://github.com/fbs/el7-bpf-specs.git,86,41,7,1
florianl,go-tc,https://github.com/florianl/go-tc.git,874,225,28,2
flier,rust-ebpf,https://github.com/flier/rust-ebpf.git,166,6,1,0
open-telemetry,wg-ebpf,https://github.com/open-telemetry/wg-ebpf.git,0,6,0,0
vinhjaxt,eBPF-sockmap-proxy,https://github.com/vinhjaxt/eBPF-sockmap-proxy.git,2411,7,0,0
Gui774ume,ebpf-samples,https://github.com/Gui774ume/ebpf-samples.git,15,6,1,0
cfc4n,ebpf-demo,https://github.com/cfc4n/ebpf-demo.git,2125,5,1,0
ahrefs,ocaml-ubpf,https://github.com/ahrefs/ocaml-ubpf.git,74,12,1,0
factorysh,PHP-tracing-tool,https://github.com/factorysh/PHP-tracing-tool.git,11433,16,2,0
saschagrunert,syscall-recorder,https://github.com/saschagrunert/syscall-recorder.git,14,8,1,0
udzura,bpfql,https://github.com/udzura/bpfql.git,19,21,1,0
gamemann,XDP-Forwarding,https://github.com/gamemann/XDP-Forwarding.git,250,43,8,1
sahmad98,ebpf-tools,https://github.com/sahmad98/ebpf-tools.git,43,5,0,0
yuuki,go-conntracer-bpf,https://github.com/yuuki/go-conntracer-bpf.git,9369,19,1,1
oscomp,proj147-eBPF-FUSE,https://github.com/oscomp/proj147-eBPF-FUSE.git,3,6,0,0
vmware-ysung,pg-ebpf,https://github.com/vmware-ysung/pg-ebpf.git,20,0,2,0
higebu,ebpf-template,https://github.com/higebu/ebpf-template.git,84,5,1,0
udzura,rack-ebpf,https://github.com/udzura/rack-ebpf.git,7,5,0,0
sqproxy,sqredirect,https://github.com/sqproxy/sqredirect.git,129,16,4,1
digitalocean,vmtop,https://github.com/digitalocean/vmtop.git,130,18,12,2
gamemann,XDP-Firewall,https://github.com/gamemann/XDP-Firewall.git,242,115,26,5
takehaya,Vinbero,https://github.com/takehaya/Vinbero.git,3279,24,3,5
infobloxopen,ebpf,https://github.com/infobloxopen/ebpf.git,243,3,0,0
nevermosby,go-ebpf-trace,https://github.com/nevermosby/go-ebpf-trace.git,2,5,1,0
Dunateo,Menga,https://github.com/Dunateo/Menga.git,88716,4,0,0
takehaya,goxdp-template,https://github.com/takehaya/goxdp-template.git,8,20,2,0
wasmerio,sonde-rs,https://github.com/wasmerio/sonde-rs.git,65,34,3,2
nrwiersma,ebpf,https://github.com/nrwiersma/ebpf.git,56,3,0,0
terrycain,ssh-audit,https://github.com/terrycain/ssh-audit.git,15,1,2,0
vanneback,ebpf_exporter_helm,https://github.com/vanneback/ebpf_exporter_helm.git,8,0,2,3
davidcoles,vc5,https://github.com/davidcoles/vc5.git,791,26,2,0
trichimtrich,dns-tcp-ebpf,https://github.com/trichimtrich/dns-tcp-ebpf.git,11926,6,1,0
mmcshane,salp,https://github.com/mmcshane/salp.git,28,18,2,2
niclashedam,ebpf-crypto,https://github.com/niclashedam/ebpf-crypto.git,41,4,0,0
marywangran,sandfs_with_no_ebpf,https://github.com/marywangran/sandfs_with_no_ebpf.git,49,1,2,0
wubo0067,ebpf_space,https://github.com/wubo0067/ebpf_space.git,1009,4,0,0
AlexanderKurtz,ebpf-dump,https://github.com/AlexanderKurtz/ebpf-dump.git,6,7,0,0
mildsunrise,node_bpf,https://github.com/mildsunrise/node_bpf.git,1497,10,1,1
tecki,ebpfcat,https://github.com/tecki/ebpfcat.git,143,3,0,0
acassen,xdp-fw,https://github.com/acassen/xdp-fw.git,29,11,3,1
redsift,ingraind-build,https://github.com/redsift/ingraind-build.git,13792,2,3,1
mcaleavya,bcc-scripts,https://github.com/mcaleavya/bcc-scripts.git,56,4,1,0
datenlord,wavebpf,https://github.com/datenlord/wavebpf.git,326,9,1,2
navarrothiago,upf-bpf,https://github.com/navarrothiago/upf-bpf.git,1546,108,14,12
bpftools,bpf.sh,https://github.com/bpftools/bpf.sh.git,22001,1,2,2
sshhj89,research_eBPF,https://github.com/sshhj89/research_eBPF.git,1232,4,0,0
Gui774ume,ebpf-offsets-generator,https://github.com/Gui774ume/ebpf-offsets-generator.git,83,4,1,0
ahrefs,ocaml-bpf-match-string,https://github.com/ahrefs/ocaml-bpf-match-string.git,33,7,0,0
zhangmenghao,eBPF-IDS,https://github.com/zhangmenghao/eBPF-IDS.git,1287,3,1,0
trailofbits,monitoring_linux_events,https://github.com/trailofbits/monitoring_linux_events.git,23,5,6,0
thought-machine,falco-probes,https://github.com/thought-machine/falco-probes.git,152,11,1,6
xpahos,p0f_ebpf,https://github.com/xpahos/p0f_ebpf.git,15,4,0,0
linuxthor,BsidesLeeds-eBPF,https://github.com/linuxthor/BsidesLeeds-eBPF.git,25375,4,0,0
zhangyoufu,fwmark,https://github.com/zhangyoufu/fwmark.git,8,6,0,0
mrtc0,cxray,https://github.com/mrtc0/cxray.git,71,13,3,1
Eideticom,eid-hermes,https://github.com/Eideticom/eid-hermes.git,243,6,2,7
jpsamaroo,BPFnative.jl,https://github.com/jpsamaroo/BPFnative.jl.git,146,7,1,13
matthewbentley,ebpf-flowradar,https://github.com/matthewbentley/ebpf-flowradar.git,64,3,1,0
lac-dcc,elixir-project,https://github.com/lac-dcc/elixir-project.git,905,6,0,0
udzura,rbbcc,https://github.com/udzura/rbbcc.git,2361,38,0,1
laik,ebpf-app,https://github.com/laik/ebpf-app.git,994,3,0,0
w180112,ebpf_example,https://github.com/w180112/ebpf_example.git,10,4,0,0
StamusNetworks,bpfctrl,https://github.com/StamusNetworks/bpfctrl.git,43,10,1,0
jackhumphries,bazel-ebpf,https://github.com/jackhumphries/bazel-ebpf.git,4,3,0,0
leodido,falco-diagrams,https://github.com/leodido/falco-diagrams.git,3525,10,1,0
falcosecurity,ebpf-probe,https://github.com/falcosecurity/ebpf-probe.git,1,3,1,2
SPYFF,ebpf-vrf,https://github.com/SPYFF/ebpf-vrf.git,5,3,1,0
nimrodshn,packetfilter,https://github.com/nimrodshn/packetfilter.git,59,5,1,0
aldor007,ebpf-fun,https://github.com/aldor007/ebpf-fun.git,75,3,0,0
oda-g,eBPF,https://github.com/oda-g/eBPF.git,140,2,0,0
aterlo,puregobpf,https://github.com/aterlo/puregobpf.git,20,2,3,0
netgroup,hike,https://github.com/netgroup/hike.git,420,4,1,0
stwind,dockersnoop,https://github.com/stwind/dockersnoop.git,15,9,0,0
williamtu,lpc18-ebpf,https://github.com/williamtu/lpc18-ebpf.git,10819,3,0,1
sematext,uprobe-http-tracer,https://github.com/sematext/uprobe-http-tracer.git,1332,45,2,0
dylandreimerink,gobpfld,https://github.com/dylandreimerink/gobpfld.git,9740,9,0,1
waqqas,bpf,https://github.com/waqqas/bpf.git,4,3,0,0
10ne1,bcc-arm-cross-test,https://github.com/10ne1/bcc-arm-cross-test.git,801,1,2,0
pawalt,bpfeval,https://github.com/pawalt/bpfeval.git,9,5,0,0
lebauce,ebpfscene,https://github.com/lebauce/ebpfscene.git,72,2,0,0
fvasquez,ply-bbb,https://github.com/fvasquez/ply-bbb.git,5386,8,0,0
cyberhuman,ocaml-ubpf,https://github.com/cyberhuman/ocaml-ubpf.git,75,5,0,0
josecv,ebpf-userspace-exporter,https://github.com/josecv/ebpf-userspace-exporter.git,75,3,0,0
Jun10ng,ebpf-docker-for-desktop,https://github.com/Jun10ng/ebpf-docker-for-desktop.git,7,4,0,0
andrewstucki,ebpfun,https://github.com/andrewstucki/ebpfun.git,2498,2,0,4
pathtofile,ebpf-pinned-fentry,https://github.com/pathtofile/ebpf-pinned-fentry.git,1679,3,0,0
majek,inet-tool,https://github.com/majek/inet-tool.git,68,20,1,0
strang1ato,nhi,https://github.com/strang1ato/nhi.git,4278,219,5,10
dbolcsfoldi,ebpf-spice-cookie,https://github.com/dbolcsfoldi/ebpf-spice-cookie.git,9,3,0,0
atrosinenko,qinst,https://github.com/atrosinenko/qinst.git,228315,17,1,0
willfindlay,ebpH,https://github.com/willfindlay/ebpH.git,6470,26,4,2
masibw,furui,https://github.com/masibw/furui.git,1506,17,1,0
grantseltzer,gophercon-2020-tracing-go-with-ebpf,https://github.com/grantseltzer/gophercon-2020-tracing-go-with-ebpf.git,101,4,0,0
est357,owlk8s,https://github.com/est357/owlk8s.git,205,7,0,0
danobi,bpf-dwarf-walk,https://github.com/danobi/bpf-dwarf-walk.git,21,4,0,0
cyberhuman,ocaml-bpf-match-string,https://github.com/cyberhuman/ocaml-bpf-match-string.git,0,3,0,0
unixpickle,learn-bpf,https://github.com/unixpickle/learn-bpf.git,33,5,0,2
deepfence,open-tracer,https://github.com/deepfence/open-tracer.git,41,4,0,1
delphix,bcc,https://github.com/delphix/bcc.git,13049,1,8,1
niclashedam,ebpf-call,https://github.com/niclashedam/ebpf-call.git,56,2,1,0
NickCao,ebpf-rs,https://github.com/NickCao/ebpf-rs.git,1333,2,0,0
ratnadeepb,ebpf_examples,https://github.com/ratnadeepb/ebpf_examples.git,1330,2,0,0
simar7,ebpf-stuff,https://github.com/simar7/ebpf-stuff.git,1602,2,0,0
higebu,ebpf-loader,https://github.com/higebu/ebpf-loader.git,4,3,0,1
aya-rs,awesome-aya,https://github.com/aya-rs/awesome-aya.git,16,16,1,0
jiegec,hll_ebpf,https://github.com/jiegec/hll_ebpf.git,45,2,0,0
eBPF-Verifier,eBPFVerifier,https://github.com/eBPF-Verifier/eBPFVerifier.git,61,2,0,0
NathanFrench,ebpf-nspid,https://github.com/NathanFrench/ebpf-nspid.git,7,2,0,0
pappacena,ebpf-test,https://github.com/pappacena/ebpf-test.git,6,2,0,0
robertodauria,ebpf-vm,https://github.com/robertodauria/ebpf-vm.git,13,2,1,0
vlad9486,ebpf-tools,https://github.com/vlad9486/ebpf-tools.git,44,2,1,0
insa-unyte,ebpf-loadbalancer,https://github.com/insa-unyte/ebpf-loadbalancer.git,58,2,1,0
emfree,strace-ebpf,https://github.com/emfree/strace-ebpf.git,3,2,1,0
beeva-mariorodriguez,poc-ebpf,https://github.com/beeva-mariorodriguez/poc-ebpf.git,23,2,0,0
francisrstokes,ebpf-usb,https://github.com/francisrstokes/ebpf-usb.git,48,2,0,0
fntlnz,traffic-control-classifier-example,https://github.com/fntlnz/traffic-control-classifier-example.git,4,12,0,1
Jack-R-lantern,eBPF-study,https://github.com/Jack-R-lantern/eBPF-study.git,3267,2,0,0
nsm-lab,kernel-collector,https://github.com/nsm-lab/kernel-collector.git,8933,2,0,0
mmisono,cbpf-to-llvm-ir,https://github.com/mmisono/cbpf-to-llvm-ir.git,14,5,1,0
saburhb,eBPF-cast,https://github.com/saburhb/eBPF-cast.git,45,2,1,1
xrp-project,XRP,https://github.com/xrp-project/XRP.git,345,3,0,0
Super-long,ebpf-cache-for-redis,https://github.com/Super-long/ebpf-cache-for-redis.git,1977,2,0,6
oscomp,proj118-eBPF-based-monitor-for-container,https://github.com/oscomp/proj118-eBPF-based-monitor-for-container.git,5,7,2,0
nitishm,ebpf-iptable-verdict-logger,https://github.com/nitishm/ebpf-iptable-verdict-logger.git,835,2,0,0
raghus-hub,test-reuseport-ebpf,https://github.com/raghus-hub/test-reuseport-ebpf.git,9,2,0,0
coder,exectrace,https://github.com/coder/exectrace.git,1197,10,0,2
yasindce1998,KubeDagger,https://github.com/yasindce1998/KubeDagger.git,671,3,0,0
VJftw,falco-ebpf-probes,https://github.com/VJftw/falco-ebpf-probes.git,20,2,0,0
qais-yousef,tracepoints-helpers,https://github.com/qais-yousef/tracepoints-helpers.git,48,1,2,0
future-proof-iot,Femto-Container,https://github.com/future-proof-iot/Femto-Container.git,54,0,2,0
oscomp,proj20-ebpf-perftool,https://github.com/oscomp/proj20-ebpf-perftool.git,2,2,0,0
KumKeeHyun,ttcp,https://github.com/KumKeeHyun/ttcp.git,97,7,1,1
udzura,usdt_marker,https://github.com/udzura/usdt_marker.git,10,2,2,0
pchaigno,tail-call-bench,https://github.com/pchaigno/tail-call-bench.git,289,7,1,0
IntelligentDDS,Kmon,https://github.com/IntelligentDDS/Kmon.git,16574,9,1,0
kabachook,tls-sniffer,https://github.com/kabachook/tls-sniffer.git,4,2,0,0
opennetworkinglab,int-host-reporter,https://github.com/opennetworkinglab/int-host-reporter.git,830,9,0,3
Sheenam3,ebpfBox,https://github.com/Sheenam3/ebpfBox.git,28,0,0,0
mxdblcf,ebpfStudy,https://github.com/mxdblcf/ebpfStudy.git,670,0,0,0
jikui,ebpf,https://github.com/jikui/ebpf.git,0,0,0,0
tohojo,tc-classifier,https://github.com/tohojo/tc-classifier.git,5,4,0,0
kubearmor,libbpf,https://github.com/kubearmor/libbpf.git,108,4,1,0
hujun-open,etherconn,https://github.com/hujun-open/etherconn.git,189,8,0,1
je-nunez,testing_linux_eBPF_probes,https://github.com/je-nunez/testing_linux_eBPF_probes.git,27,2,0,0
summerwind,l3dsr-packet-forwarder,https://github.com/summerwind/l3dsr-packet-forwarder.git,6,6,0,0
pantuza,equic,https://github.com/pantuza/equic.git,313,6,1,1
sing-group,ebpf2smtp,https://github.com/sing-group/ebpf2smtp.git,95,0,0,0
mtoolsmiths,ebpf,https://github.com/mtoolsmiths/ebpf.git,0,0,0,0
vincent-pli,ebpf,https://github.com/vincent-pli/ebpf.git,672,1,0,0
paramananda1,ebpf,https://github.com/paramananda1/ebpf.git,8,0,0,0
johngv2,ebpf,https://github.com/johngv2/ebpf.git,10,1,0,0
Ankurk99,eBPF,https://github.com/Ankurk99/eBPF.git,0,0,0,0
dalnefre,eBPF,https://github.com/dalnefre/eBPF.git,3177,1,1,0
baoyachi,eBPF,https://github.com/baoyachi/eBPF.git,1,0,0,1
onurturhan,ebpf,https://github.com/onurturhan/ebpf.git,10,0,0,0
sing-group,ebpf2smtp,https://github.com/sing-group/ebpf2smtp.git,95,0,0,0
not1337,ebpf2c,https://github.com/not1337/ebpf2c.git,24,0,0,0
8acky1024,ebpf,https://github.com/8acky1024/ebpf.git,1,0,0,0
jdon,ebpf,https://github.com/jdon/ebpf.git,36,0,0,0
keyval-dev,opentelemetry-go-instrumentation,https://github.com/keyval-dev/opentelemetry-go-instrumentation.git,207,12,0,0
tryke,ebpf,https://github.com/tryke/ebpf.git,4,0,0,0
Krishna1024crypto,EBPF,https://github.com/Krishna1024crypto/EBPF.git,6,0,0,0
mzs6333,eBPF,https://github.com/mzs6333/eBPF.git,16,0,0,0
rburkholder,ebpf,https://github.com/rburkholder/ebpf.git,21,1,0,0
ganjiaravind,ebpf,https://github.com/ganjiaravind/ebpf.git,2451,0,0,0
adhamkhalil,eBPF,https://github.com/adhamkhalil/eBPF.git,2084,0,0,0
AndreaBe99,eBPF,https://github.com/AndreaBe99/eBPF.git,282,0,0,0
abc463774475,ebpf,https://github.com/abc463774475/ebpf.git,0,0,0,0
doribd,ebpf,https://github.com/doribd/ebpf.git,2,0,0,0
latte-c,ebpf2rv,https://github.com/latte-c/ebpf2rv.git,70,0,0,0
foyjog,EbpfInContainer,https://github.com/foyjog/EbpfInContainer.git,40,0,0,0
hyperbloger,eBPF,https://github.com/hyperbloger/eBPF.git,0,0,0,0
rangapv,eBPF,https://github.com/rangapv/eBPF.git,11,0,0,0
SteveCurcy,eBPF,https://github.com/SteveCurcy/eBPF.git,48,0,0,0
waffleboot,ebpf,https://github.com/waffleboot/ebpf.git,2,0,0,0
mehrdadrad,ebpf,https://github.com/mehrdadrad/ebpf.git,14,1,0,0
adoniss26,eBPF,https://github.com/adoniss26/eBPF.git,0,0,0,0
bangyogesh,eBPF,https://github.com/bangyogesh/eBPF.git,1,0,0,0
yuleihua,learn-xdp,https://github.com/yuleihua/learn-xdp.git,7816,1,1,0
supershabam,ebpf,https://github.com/supershabam/ebpf.git,824,0,0,0
Sheenam3,ebpf,https://github.com/Sheenam3/ebpf.git,88,0,0,0
sandswind,net-ebpfs,https://github.com/sandswind/net-ebpfs.git,14,0,0,0
hanw,ebpf,https://github.com/hanw/ebpf.git,0,0,0,0
vlrpl,eBPF,https://github.com/vlrpl/eBPF.git,5,0,0,0
mangelajo,ebpf,https://github.com/mangelajo/ebpf.git,2,0,0,0
aleberkn,eBPF,https://github.com/aleberkn/eBPF.git,0,0,0,0
htlabc,ebpf,https://github.com/htlabc/ebpf.git,61,0,0,0
Emin3mU,eBPF,https://github.com/Emin3mU/eBPF.git,7,0,0,0
vvtam,eBPF,https://github.com/vvtam/eBPF.git,1,0,0,0
go-ebpf,ebpf,https://github.com/go-ebpf/ebpf.git,0,0,0,0
jgrafton,ebpf,https://github.com/jgrafton/ebpf.git,9,0,0,0
barkardk,ebpf,https://github.com/barkardk/ebpf.git,2,0,0,0
iovisor-goodies,ebpf,https://github.com/iovisor-goodies/ebpf.git,0,0,0,0
vjsanjay,eBPF,https://github.com/vjsanjay/eBPF.git,0,0,0,0
csioza,eBPF,https://github.com/csioza/eBPF.git,36,0,0,0
hmahal,ebpf,https://github.com/hmahal/ebpf.git,0,0,0,0
Leftddr,EBPF,https://github.com/Leftddr/EBPF.git,14155,0,0,0
maroonpu,ebpf,https://github.com/maroonpu/ebpf.git,6,0,0,0
Zooooey,ebpf,https://github.com/Zooooey/ebpf.git,11,0,0,0
RandyLambert,eBPF,https://github.com/RandyLambert/eBPF.git,168,0,0,0
egobillot,calltop,https://github.com/egobillot/calltop.git,7626,20,2,11
nikita15p,ebpf,https://github.com/nikita15p/ebpf.git,0,0,0,0
hayama17,eBPF,https://github.com/hayama17/eBPF.git,9,0,0,0
rumpl,ebpf,https://github.com/rumpl/ebpf.git,5,0,0,0
freemanpolys,ebpf,https://github.com/freemanpolys/ebpf.git,438,0,0,0
wm775825,ebpf,https://github.com/wm775825/ebpf.git,17,0,0,0
oscomp,proj145-ebpf-impl-by-rust,https://github.com/oscomp/proj145-ebpf-impl-by-rust.git,2,2,0,0
RafaelOrtizRC,duo-xdp-rust,https://github.com/RafaelOrtizRC/duo-xdp-rust.git,13,3,0,0
miyakelp,xdp_rewrite_port,https://github.com/miyakelp/xdp_rewrite_port.git,15,3,1,0
lollipopman,sourcerts,https://github.com/lollipopman/sourcerts.git,100,2,0,1
mscastanho,chaining-box,https://github.com/mscastanho/chaining-box.git,1185,2,1,0
grantseltzer,libbpf-build-template,https://github.com/grantseltzer/libbpf-build-template.git,1334,3,0,0
poonai,aarai,https://github.com/poonai/aarai.git,90,2,0,0
terassyi,go-xdp-examples,https://github.com/terassyi/go-xdp-examples.git,21,2,0,0
bolinfest,rstrace,https://github.com/bolinfest/rstrace.git,4,2,0,0
dalehamel,mctop-tool-example,https://github.com/dalehamel/mctop-tool-example.git,39955,2,1,0
SericaLaw,snoopy-ebpf,https://github.com/SericaLaw/snoopy-ebpf.git,604,0,0,0
doyshinda,rxdp,https://github.com/doyshinda/rxdp.git,252,3,0,0
simmsb,traceroute-spoof,https://github.com/simmsb/traceroute-spoof.git,17,2,0,0
glenn-wang,xdp_acl,https://github.com/glenn-wang/xdp_acl.git,6697,9,1,0
chadbrewbaker,ebpftalk,https://github.com/chadbrewbaker/ebpftalk.git,27,0,0,0
yarochewsky,ebpfdump,https://github.com/yarochewsky/ebpfdump.git,47,0,0,0
mauriciovasquezbernal,ebpfissue,https://github.com/mauriciovasquezbernal/ebpfissue.git,609,0,0,0
infominer75,ebpfbook,https://github.com/infominer75/ebpfbook.git,28,1,0,0
midist0xf,ebpfexamples,https://github.com/midist0xf/ebpfexamples.git,9,1,0,0
sumerc,gilstats.py,https://github.com/sumerc/gilstats.py.git,48,6,0,0
lumontec,ebpfun,https://github.com/lumontec/ebpfun.git,65,0,0,0
yejinlei,ebpfcode,https://github.com/yejinlei/ebpfcode.git,319,0,0,0
anarkiwi,arpwatch-ebpf,https://github.com/anarkiwi/arpwatch-ebpf.git,11,0,0,0
mtirpak,BPF,https://github.com/mtirpak/BPF.git,484,0,0,0
Gui774ume,unixdump,https://github.com/Gui774ume/unixdump.git,1021,5,1,0
ZafirTab,Performance,https://github.com/ZafirTab/Performance.git,34526,0,0,0
shriramsharma,ebpf-tutorial,https://github.com/shriramsharma/ebpf-tutorial.git,1,0,0,0
weixingsun,bprof,https://github.com/weixingsun/bprof.git,0,0,0,0
githubfoam,k8s-ebpf-sandbox,https://github.com/githubfoam/k8s-ebpf-sandbox.git,20,0,0,0
joamaki,ebpf-interp,https://github.com/joamaki/ebpf-interp.git,17,0,0,0
chusyclub,enbpfs,https://github.com/chusyclub/enbpfs.git,14,0,0,0
HidenoriMatsubayashi,ebpf-playground,https://github.com/HidenoriMatsubayashi/ebpf-playground.git,2,1,0,0
ValentinoUberti,xBPF,https://github.com/ValentinoUberti/xBPF.git,3,1,0,0
yifengyou,go-ebpf,https://github.com/yifengyou/go-ebpf.git,1,0,0,0
dechainers,dechainy,https://github.com/dechainers/dechainy.git,458,18,1,1
dio,ebpf-tutorial,https://github.com/dio/ebpf-tutorial.git,576,1,0,0
ljrcore,eBPF-bcc,https://github.com/ljrcore/eBPF-bcc.git,8,0,0,0
slashpai,ebpf_multipass,https://github.com/slashpai/ebpf_multipass.git,5,0,0,0
shun159,play_ebpf,https://github.com/shun159/play_ebpf.git,32,0,0,0
vsdmars,ebpf_example,https://github.com/vsdmars/ebpf_example.git,1,0,0,0
isaac-ped,cis800,https://github.com/isaac-ped/cis800.git,22,0,0,0
bmkrutgers,EBPF-Vefier,https://github.com/bmkrutgers/EBPF-Vefier.git,43,0,0,0
edudfla,xdp_ebpf,https://github.com/edudfla/xdp_ebpf.git,8,0,0,0
EmanW,practice-ebpf,https://github.com/EmanW/practice-ebpf.git,0,0,0,0
oscerd,ebpf-samples,https://github.com/oscerd/ebpf-samples.git,8,0,0,0
genslein,ebpf-playground,https://github.com/genslein/ebpf-playground.git,6,2,0,1
walleliu1016,ebpf-learning,https://github.com/walleliu1016/ebpf-learning.git,6,0,0,0
levoai,ebpf_demo,https://github.com/levoai/ebpf_demo.git,42,0,0,0
lucasfsduarte,ebpf-converter,https://github.com/lucasfsduarte/ebpf-converter.git,80,0,0,0
rfc2119,ebpf-talk,https://github.com/rfc2119/ebpf-talk.git,3928,0,0,0
Ankurk99,ebpf-tailcall,https://github.com/Ankurk99/ebpf-tailcall.git,5821,0,0,0
kcq,ebpf-libraries,https://github.com/kcq/ebpf-libraries.git,192,1,0,0
fsbordinhao,ebpf_tests,https://github.com/fsbordinhao/ebpf_tests.git,3,1,0,0
lbbxsxlz,ebpf-practice,https://github.com/lbbxsxlz/ebpf-practice.git,47423,1,0,0
snix0,ebpf-playground,https://github.com/snix0/ebpf-playground.git,4,0,0,0
sourabhtk37,xdp-ebpf,https://github.com/sourabhtk37/xdp-ebpf.git,3,0,0,0
fsoppelsa,ebpf-playground,https://github.com/fsoppelsa/ebpf-playground.git,0,0,0,0
marywangran,ebpf_sockmap,https://github.com/marywangran/ebpf_sockmap.git,18,0,0,0
ianmiell,shutit-ebpf,https://github.com/ianmiell/shutit-ebpf.git,4,0,0,0
alex-wong123,ebpf-learning,https://github.com/alex-wong123/ebpf-learning.git,3,0,0,0
chaspy,vagrant-ebpf,https://github.com/chaspy/vagrant-ebpf.git,5,0,0,0
boatrainlsz,ebpf_research,https://github.com/boatrainlsz/ebpf_research.git,1301,1,0,0
SuperAbee,ebpf-practice,https://github.com/SuperAbee/ebpf-practice.git,0,0,0,0
kwjjyn,PX,https://github.com/kwjjyn/PX.git,7077,4,0,0
adriansr,ebpf-testing,https://github.com/adriansr/ebpf-testing.git,14,0,0,0
iomartin,ebpf-test,https://github.com/iomartin/ebpf-test.git,184,0,0,0
westonsteimel,hello-ebpf,https://github.com/westonsteimel/hello-ebpf.git,2,0,0,0
bellent69ne,ebpf_examples,https://github.com/bellent69ne/ebpf_examples.git,23159,1,0,0
Jymit,ebpf-notes,https://github.com/Jymit/ebpf-notes.git,1,0,0,0
SomalianIvan,ebpf-sandbox,https://github.com/SomalianIvan/ebpf-sandbox.git,0,0,0,0
sumuduliyanage,ebpf_examples,https://github.com/sumuduliyanage/ebpf_examples.git,172,0,0,0
takumakume,ebpf-practice,https://github.com/takumakume/ebpf-practice.git,99,0,0,0
P4-Research,ebpf-demos,https://github.com/P4-Research/ebpf-demos.git,6,0,1,0
dpino,ebpf-disasm,https://github.com/dpino/ebpf-disasm.git,57,1,0,0
yojicsc,ebpf-filter,https://github.com/yojicsc/ebpf-filter.git,0,0,0,0
gregdel,ebpf-apps,https://github.com/gregdel/ebpf-apps.git,11,1,0,0
ragoragino,ebpf-explorations,https://github.com/ragoragino/ebpf-explorations.git,319,0,0,0
marc-campbell,ebpf-sample,https://github.com/marc-campbell/ebpf-sample.git,116,0,1,0
Ankurk99,ebpf_ringbuffer,https://github.com/Ankurk99/ebpf_ringbuffer.git,1,0,0,0
praveingk,xflow-ebpf,https://github.com/praveingk/xflow-ebpf.git,152,0,0,1
AlexanderKurtz,ebpf-demo,https://github.com/AlexanderKurtz/ebpf-demo.git,5,0,0,0
weiyanhua100,ebpf-study,https://github.com/weiyanhua100/ebpf-study.git,3,0,0,0
Draculet,ebpf_test,https://github.com/Draculet/ebpf_test.git,2105,0,0,0
atul-g,ebpf-programs,https://github.com/atul-g/ebpf-programs.git,44,0,0,0
IoTAccessControl,ebpf-log,https://github.com/IoTAccessControl/ebpf-log.git,60,0,0,0
rodrigogribeiro,definitional-ebpf,https://github.com/rodrigogribeiro/definitional-ebpf.git,3,0,0,0
Skactor,ebpf-mprotect,https://github.com/Skactor/ebpf-mprotect.git,3,0,0,0
Javadkamyabi,eBPFHooks,https://github.com/Javadkamyabi/eBPFHooks.git,447,0,0,0
Drumato,ebpf-disasm,https://github.com/Drumato/ebpf-disasm.git,9,0,0,0
XieGuochao,ebpf-examples,https://github.com/XieGuochao/ebpf-examples.git,12,0,0,0
geyslan,ebpf-pattern,https://github.com/geyslan/ebpf-pattern.git,27,1,0,0
aydany,ebpf-playground,https://github.com/aydany/ebpf-playground.git,1333,0,0,0
crhino,ebpf-go,https://github.com/crhino/ebpf-go.git,5,0,0,0
s4ichi,ebpf-playground,https://github.com/s4ichi/ebpf-playground.git,1,0,0,0
vakalapa,ebpf-vlanid,https://github.com/vakalapa/ebpf-vlanid.git,59,1,0,0
cu-computer-systems,topk-ebpf,https://github.com/cu-computer-systems/topk-ebpf.git,73,0,0,0
luanguimaraesla,ebpfbr.org,https://github.com/luanguimaraesla/ebpfbr.org.git,1850,0,0,0
ismhong,ebpf_exporter,https://github.com/ismhong/ebpf_exporter.git,18506,0,0,0
rafael-din152,ebpf-sim,https://github.com/rafael-din152/ebpf-sim.git,9,1,0,0
mkulke,ebpf-explo,https://github.com/mkulke/ebpf-explo.git,30,0,0,0
lfama,ebpf-experiments,https://github.com/lfama/ebpf-experiments.git,3,0,0,0
feifeifeimoon,ebpf-study,https://github.com/feifeifeimoon/ebpf-study.git,1280,0,0,0
tfxidian,ebpf-tutorial,https://github.com/tfxidian/ebpf-tutorial.git,9322,0,0,0
irenge,ebpf-Intro-,https://github.com/irenge/ebpf-Intro-.git,72,1,0,0
nirmoy,ebpf_example,https://github.com/nirmoy/ebpf_example.git,8,0,0,0
georgebuckerfield,ebpf-tools,https://github.com/georgebuckerfield/ebpf-tools.git,13,0,0,0
brycekahle,ebpf-resources,https://github.com/brycekahle/ebpf-resources.git,50,0,0,0
circleous,ebpf-reject,https://github.com/circleous/ebpf-reject.git,0,0,0,0
tetsuzawa,ebpf-playground,https://github.com/tetsuzawa/ebpf-playground.git,2,0,0,0
branan,substrate-ebpf,https://github.com/branan/substrate-ebpf.git,0,0,0,0
AnaisUrlichs,awesome-ebpf,https://github.com/AnaisUrlichs/awesome-ebpf.git,2,1,0,0
orace-github,CTester-EBPF,https://github.com/orace-github/CTester-EBPF.git,3123,0,0,0
niraj0703,Ebpf-Understanding,https://github.com/niraj0703/Ebpf-Understanding.git,7,0,0,0
sauercrowd,ebpf-test,https://github.com/sauercrowd/ebpf-test.git,5,0,0,0
jerinjacobk,ebpf-test,https://github.com/jerinjacobk/ebpf-test.git,8,0,1,0
P1llus,ebpf-go,https://github.com/P1llus/ebpf-go.git,2084,0,0,0
14935,waf-ebpf,https://github.com/14935/waf-ebpf.git,8,0,0,0
Oshawk,arch_ebpf,https://github.com/Oshawk/arch_ebpf.git,23,0,0,0
dsever,ebpf_class,https://github.com/dsever/ebpf_class.git,8,0,0,0
linsun,ebpf-samples,https://github.com/linsun/ebpf-samples.git,1,1,0,0
invincible1900,ebpf-examples,https://github.com/invincible1900/ebpf-examples.git,9796,0,0,0
qq906907952,learning_ebpf,https://github.com/qq906907952/learning_ebpf.git,15,1,0,0
RAVAN0407,go_ebpf,https://github.com/RAVAN0407/go_ebpf.git,3,0,0,0
k82cn,ebpf-learn,https://github.com/k82cn/ebpf-learn.git,664,1,0,0
cjdoucette,ebpf-encap,https://github.com/cjdoucette/ebpf-encap.git,38,0,0,0
gatieme,eBPFXCoding,https://github.com/gatieme/eBPFXCoding.git,31,1,0,0
laik,ebpf-ipvs,https://github.com/laik/ebpf-ipvs.git,5,0,0,0
chen-keinan,ebpf-vagrantfile,https://github.com/chen-keinan/ebpf-vagrantfile.git,18,1,0,0
Zarrar12,xdp_ebpf,https://github.com/Zarrar12/xdp_ebpf.git,1130,0,0,0
rahuljagad,ebpf-tutorial,https://github.com/rahuljagad/ebpf-tutorial.git,2,0,0,0
djs55,ebpf-experiments,https://github.com/djs55/ebpf-experiments.git,992,1,0,0
SenberHu,hids-ebpf,https://github.com/SenberHu/hids-ebpf.git,0,1,0,0
rresender,ebpf-test,https://github.com/rresender/ebpf-test.git,3,0,0,0
JESWINKNINAN,ebpf-box,https://github.com/JESWINKNINAN/ebpf-box.git,4,0,0,0
hackeren,ebpf-demo,https://github.com/hackeren/ebpf-demo.git,1,0,0,0
saburhb,ebpf-switch,https://github.com/saburhb/ebpf-switch.git,1,0,1,0
chenfangxin,using_ebpf,https://github.com/chenfangxin/using_ebpf.git,201,0,0,0
valmikroy,ebpf_learn,https://github.com/valmikroy/ebpf_learn.git,30,0,0,0
pyaillet,ebpf-discovery,https://github.com/pyaillet/ebpf-discovery.git,41,0,0,0
mmvieira,eBPFlow,https://github.com/mmvieira/eBPFlow.git,2896,0,0,0
huanwei,ebpf-study,https://github.com/huanwei/ebpf-study.git,0,0,0,0
cspinetta,ebpf-playground,https://github.com/cspinetta/ebpf-playground.git,1,0,0,0
RafaelGSS,ebpf-checklist,https://github.com/RafaelGSS/ebpf-checklist.git,3,0,0,0
njcx,ebpf-elf,https://github.com/njcx/ebpf-elf.git,42,0,0,0
tahirali-csc,ebpf-exploration,https://github.com/tahirali-csc/ebpf-exploration.git,5877,0,0,0
psanford,ebpf-examples,https://github.com/psanford/ebpf-examples.git,82,0,0,0
pedrofausto,ebpf_studies,https://github.com/pedrofausto/ebpf_studies.git,53,1,0,0
Stuckinendlesschaos,ebpf_exporter,https://github.com/Stuckinendlesschaos/ebpf_exporter.git,2280,0,0,0
emanuele-f,ebpf_experiments,https://github.com/emanuele-f/ebpf_experiments.git,26,0,1,0
kisom,ebpf_vm,https://github.com/kisom/ebpf_vm.git,29,0,0,0
progovoy,ebpf_perf,https://github.com/progovoy/ebpf_perf.git,37,1,0,0
ockie1729,sample_ebpf,https://github.com/ockie1729/sample_ebpf.git,2,0,0,0
OpeOnikute,ebpf-playground,https://github.com/OpeOnikute/ebpf-playground.git,749,0,0,0
cen-ngc5139,ebpf-tools,https://github.com/cen-ngc5139/ebpf-tools.git,1,0,0,0
BTDevelop,awesome-ebpf,https://github.com/BTDevelop/awesome-ebpf.git,5,1,0,0
fs714,ebpf-study,https://github.com/fs714/ebpf-study.git,667,0,0,0
francoismichel,ebpf_dropper,https://github.com/francoismichel/ebpf_dropper.git,8292,1,1,0
unicell,vagrant-ebpf,https://github.com/unicell/vagrant-ebpf.git,17,1,0,0
AlexZzz,ebpf-tools,https://github.com/AlexZzz/ebpf-tools.git,10,1,1,0
walkerxiong,ebpf-examples,https://github.com/walkerxiong/ebpf-examples.git,6169,0,0,0
lucasfsduarte,alpine-ebpf,https://github.com/lucasfsduarte/alpine-ebpf.git,9,0,0,0
unicell,ebpf-examples,https://github.com/unicell/ebpf-examples.git,5,0,0,0
mkhmirza,ebpf-xdp,https://github.com/mkhmirza/ebpf-xdp.git,5,0,0,0
sevikarakose,ebpf-beginners,https://github.com/sevikarakose/ebpf-beginners.git,0,0,0,0
lives-group,racket-ebpf,https://github.com/lives-group/racket-ebpf.git,361,1,0,0
artych,ebpf-0,https://github.com/artych/ebpf-0.git,0,0,0,0
alexburt,ebpf-examples,https://github.com/alexburt/ebpf-examples.git,0,0,0,0
kfl,ebpf-tools,https://github.com/kfl/ebpf-tools.git,30,1,1,4
netobserv,ebpf-research,https://github.com/netobserv/ebpf-research.git,5321,0,1,1
jadinm,tpc-ebpf,https://github.com/jadinm/tpc-ebpf.git,111,0,0,0
yifengyou,learn-ebpf,https://github.com/yifengyou/learn-ebpf.git,23034,1,1,0
orace-github,ebpf_mptcp,https://github.com/orace-github/ebpf_mptcp.git,0,0,0,0
yew011,demux_ebpf,https://github.com/yew011/demux_ebpf.git,3,0,0,0
huanwei,ebpf-practise,https://github.com/huanwei/ebpf-practise.git,6,0,0,0
sethp,docker-ebpf,https://github.com/sethp/docker-ebpf.git,2,0,0,0
open-oam,ebpf-examples,https://github.com/open-oam/ebpf-examples.git,0,0,0,0
TraiOi,learning-ebpf,https://github.com/TraiOi/learning-ebpf.git,13124,0,0,0
sonals,eBPFExp,https://github.com/sonals/eBPFExp.git,0,0,0,0
SeanHeelan,ebpf-blade,https://github.com/SeanHeelan/ebpf-blade.git,0,0,0,0
hyorimitsu,hello-ebpf,https://github.com/hyorimitsu/hello-ebpf.git,403,0,0,0
b1shan,ebpf_demos,https://github.com/b1shan/ebpf_demos.git,14,0,0,0
DanielGrunberger,ebpf-firewall,https://github.com/DanielGrunberger/ebpf-firewall.git,35,0,0,0
robertosassu,diglim-ebpf,https://github.com/robertosassu/diglim-ebpf.git,50,1,0,0
NolanRudolph,eBPFlow,https://github.com/NolanRudolph/eBPFlow.git,183,0,0,0
nplanel,ebpf-check,https://github.com/nplanel/ebpf-check.git,2,1,0,0
egobillot,ebpf_collection,https://github.com/egobillot/ebpf_collection.git,3,0,0,0
animeshtrivedi,ebpf-example,https://github.com/animeshtrivedi/ebpf-example.git,58,0,0,0
werekraken,xps_ebpf,https://github.com/werekraken/xps_ebpf.git,8,0,0,0
sloorush,ebpf-keylogger,https://github.com/sloorush/ebpf-keylogger.git,1446,0,0,0
khenidak,ebpf-toolkit,https://github.com/khenidak/ebpf-toolkit.git,10,0,0,0
moonsikpark,ebpf-tls,https://github.com/moonsikpark/ebpf-tls.git,1,0,0,0
rmenn,ebpf-go,https://github.com/rmenn/ebpf-go.git,0,0,0,0
slashpai,ebpf_vagrant,https://github.com/slashpai/ebpf_vagrant.git,5,0,0,0
Leftddr,EBPF_CODE,https://github.com/Leftddr/EBPF_CODE.git,3688,0,0,1
anvaypatil,ebpf_experiments,https://github.com/anvaypatil/ebpf_experiments.git,3,0,0,0
jwnhy,ebpf_fuzz,https://github.com/jwnhy/ebpf_fuzz.git,5,0,0,0
sevan,viewpoint-linux,https://github.com/sevan/viewpoint-linux.git,704255,5,0,0
damontic,eBPF-reveal,https://github.com/damontic/eBPF-reveal.git,6906,0,0,2
silenceshell,ebpf-by-example,https://github.com/silenceshell/ebpf-by-example.git,5,0,0,0
withlin,sniff-http,https://github.com/withlin/sniff-http.git,0,0,0,0
cirocosta,execsnoopvis,https://github.com/cirocosta/execsnoopvis.git,40,3,0,2
olcf,greggd,https://github.com/olcf/greggd.git,157,4,1,5
rkubik,bpf-kprobe,https://github.com/rkubik/bpf-kprobe.git,2,1,0,0
dark-shade,bpf-tools,https://github.com/dark-shade/bpf-tools.git,5,0,0,0
johanneskastl,ansible-role-mount_ebpf,https://github.com/johanneskastl/ansible-role-mount_ebpf.git,5,0,0,0
RafaelOrtizRC,TBM,https://github.com/RafaelOrtizRC/TBM.git,155,1,0,0
21kyu,bpf-example,https://github.com/21kyu/bpf-example.git,40,0,0,0
Ghostbaby,trace,https://github.com/Ghostbaby/trace.git,8,0,0,0
ut-dacs,IMM-Assignment-eBPF,https://github.com/ut-dacs/IMM-Assignment-eBPF.git,8,1,1,0
vanneback,ebpf_exporter_dockerfile,https://github.com/vanneback/ebpf_exporter_dockerfile.git,4,0,1,0
22RC,ebpf-dns-latency,https://github.com/22RC/ebpf-dns-latency.git,3,0,0,0
JoshCoop1089,eBPF_Verification_Project,https://github.com/JoshCoop1089/eBPF_Verification_Project.git,60544,1,0,0
n1g3ld0uglas,eBPF-OSC-Install,https://github.com/n1g3ld0uglas/eBPF-OSC-Install.git,32,0,1,0
mjammer,deepdig,https://github.com/mjammer/deepdig.git,53,0,0,0
clickyotomy,rick-roll-bpf,https://github.com/clickyotomy/rick-roll-bpf.git,644,0,0,0
yefy,ebpf-sockhash-rs,https://github.com/yefy/ebpf-sockhash-rs.git,605,0,0,0
sterchelen,distee,https://github.com/sterchelen/distee.git,100,0,0,0
kannansel,goebpf,https://github.com/kannansel/goebpf.git,2,0,0,0
x213212,traceuprobe,https://github.com/x213212/traceuprobe.git,9,1,0,0
loshz,lemurs,https://github.com/loshz/lemurs.git,1489,0,0,0
anmolsarma,bpf-elf2insn,https://github.com/anmolsarma/bpf-elf2insn.git,2,3,0,0
willfindlay,3000shellwatch,https://github.com/willfindlay/3000shellwatch.git,32,0,0,0
desmondcheongzx,bpf-scope,https://github.com/desmondcheongzx/bpf-scope.git,5587,0,0,0
albertlockett,scylla_ebpf_utils,https://github.com/albertlockett/scylla_ebpf_utils.git,27,0,0,0
cyclinder,eBPF-demo,https://github.com/cyclinder/eBPF-demo.git,1,0,0,0
P4-Research,psabpf,https://github.com/P4-Research/psabpf.git,610,3,0,17
willfindlay,snoopy,https://github.com/willfindlay/snoopy.git,288,0,0,0
golst,bpf,https://github.com/golst/bpf.git,8,0,0,0
atrosinenko,bpfinst-spec,https://github.com/atrosinenko/bpfinst-spec.git,60985,2,0,0
isaac-ped,Socket-Launcher,https://github.com/isaac-ped/Socket-Launcher.git,4025,1,0,0
saireddyavs,eBPF_programs,https://github.com/saireddyavs/eBPF_programs.git,1749,0,0,0
motus,bpf-ml,https://github.com/motus/bpf-ml.git,36667,1,0,0
michelsciortino,eBPF-Simple-Monitor,https://github.com/michelsciortino/eBPF-Simple-Monitor.git,17,0,0,0
Yuya9786,eBPF_tutorial,https://github.com/Yuya9786/eBPF_tutorial.git,4,0,0,0
microsoft,eBPF-Event-Interceptor,https://github.com/microsoft/eBPF-Event-Interceptor.git,64,1,0,0
feniljain,ebpf_http_trace-rs,https://github.com/feniljain/ebpf_http_trace-rs.git,4,1,0,0
sartura,ebpf-hello-world,https://github.com/sartura/ebpf-hello-world.git,1175,3,1,0
rubinus,ebpf_exporter_master,https://github.com/rubinus/ebpf_exporter_master.git,17141,0,0,0
prashantv,cilium-ebpf-relocate-bug,https://github.com/prashantv/cilium-ebpf-relocate-bug.git,5,0,0,0
DivyanshuSaxena,eBPF-setup-scripts,https://github.com/DivyanshuSaxena/eBPF-setup-scripts.git,0,0,0,0
mrproliu,my_ebpf_test,https://github.com/mrproliu/my_ebpf_test.git,13173,1,1,0
lizonglin313,hello-eBPF,https://github.com/lizonglin313/hello-eBPF.git,3,0,0,0
JeongyoonMoon,lsmbpf_demo,https://github.com/JeongyoonMoon/lsmbpf_demo.git,296,1,0,0
zeenix,rbpf-sandbox,https://github.com/zeenix/rbpf-sandbox.git,22,0,0,0
alxn,ebpf-ctf1,https://github.com/alxn/ebpf-ctf1.git,9,0,0,0
ZhengjunHUO,bpflearn,https://github.com/ZhengjunHUO/bpflearn.git,395,1,0,0
kanurag94,filemonitor,https://github.com/kanurag94/filemonitor.git,16,1,0,0
adoerr,beehive,https://github.com/adoerr/beehive.git,96,1,0,1
Gui774ume,etrace,https://github.com/Gui774ume/etrace.git,2649,2,1,0
nerososft,sBPF,https://github.com/nerososft/sBPF.git,2065,2,0,0
vitalyvch,ebpf-lost-events,https://github.com/vitalyvch/ebpf-lost-events.git,4,1,0,0
phoracek,dhcp-via-ebpf,https://github.com/phoracek/dhcp-via-ebpf.git,12,1,0,0
TeachersPayTeachers,ebpf-exporter-deploy,https://github.com/TeachersPayTeachers/ebpf-exporter-deploy.git,141,0,0,0
madhusudanas,ebpf-mac-python,https://github.com/madhusudanas/ebpf-mac-python.git,1003,0,0,0
0x5AD,ebpf_openssl_tracer,https://github.com/0x5AD/ebpf_openssl_tracer.git,16,0,0,0
Ocram95,eBPF-Framework,https://github.com/Ocram95/eBPF-Framework.git,37,0,0,0
orace-github,ebpf-coupled-congestion-controler,https://github.com/orace-github/ebpf-coupled-congestion-controler.git,7206,0,0,0
yoniko,gctf21_ebpf,https://github.com/yoniko/gctf21_ebpf.git,3,0,0,0
msilveus1,eBPF_Tutorial,https://github.com/msilveus1/eBPF_Tutorial.git,0,0,0,0
Ocram95,cabuk_eBPF,https://github.com/Ocram95/cabuk_eBPF.git,4,0,0,0
vrutkovs,openshift-ebpf-exporter,https://github.com/vrutkovs/openshift-ebpf-exporter.git,9,0,0,0
madhusudanas,ebpf-mac-golang,https://github.com/madhusudanas/ebpf-mac-golang.git,1007,0,0,0
johnhowlett,ebpf_crt_1,https://github.com/johnhowlett/ebpf_crt_1.git,10,0,0,0
alexmackenzie-wx,eBPF-Projects,https://github.com/alexmackenzie-wx/eBPF-Projects.git,6,0,0,0
sts08015,eBPF_lab,https://github.com/sts08015/eBPF_lab.git,17,0,0,0
cleidetomaselli,eBPF_probes,https://github.com/cleidetomaselli/eBPF_probes.git,12,0,0,0
garogers01,eBPF_custom_instructions,https://github.com/garogers01/eBPF_custom_instructions.git,49,0,0,0
bredamatt,eBPF-hello-world,https://github.com/bredamatt/eBPF-hello-world.git,3,0,0,0
tarasglek,ebpf-packet-mangle,https://github.com/tarasglek/ebpf-packet-mangle.git,4,0,0,0
akemery,ebpf_congestion_controler,https://github.com/akemery/ebpf_congestion_controler.git,572,0,0,0
pja237,ebpf_exporter_programs,https://github.com/pja237/ebpf_exporter_programs.git,5,0,0,0
ChuanhongLi,eBPF-learning,https://github.com/ChuanhongLi/eBPF-learning.git,0,0,0,0
i1i1,iroha_ebpf_prototype,https://github.com/i1i1/iroha_ebpf_prototype.git,90,0,0,0
akemery,ebpf-coupled-congestion-controler,https://github.com/akemery/ebpf-coupled-congestion-controler.git,1361,2,0,0
loshz,ebpf-perf-go,https://github.com/loshz/ebpf-perf-go.git,609,0,0,0
THUchenzj,NNSGroup-ebpf-xdp-tutorial,https://github.com/THUchenzj/NNSGroup-ebpf-xdp-tutorial.git,2,0,0,0
iotwithit,ebpf-mqtts-dumper,https://github.com/iotwithit/ebpf-mqtts-dumper.git,2,0,0,0
fzakaria,rust-ebpf-demo,https://github.com/fzakaria/rust-ebpf-demo.git,3,1,0,0
OrangeGzY,playing_eBPF,https://github.com/OrangeGzY/playing_eBPF.git,194,0,0,0
alban,ebpf-link-reproducer,https://github.com/alban/ebpf-link-reproducer.git,4,1,0,0
kempy007,eBPF-ctf2021,https://github.com/kempy007/eBPF-ctf2021.git,262,0,0,0
ronchen210402,eBPF_project,https://github.com/ronchen210402/eBPF_project.git,1926,0,0,0
juise,df-ebpf-bl,https://github.com/juise/df-ebpf-bl.git,21,0,0,0
chrisman-io,Calico-Encryption-eBPF,https://github.com/chrisman-io/Calico-Encryption-eBPF.git,155,0,0,0
alanNutanix,hackathon_windows_ebpf,https://github.com/alanNutanix/hackathon_windows_ebpf.git,4968,0,0,0
anvaypatil,ebpf_lsm_rs,https://github.com/anvaypatil/ebpf_lsm_rs.git,613,0,0,0
hubblezzhu,srv6_eBPF,https://github.com/hubblezzhu/srv6_eBPF.git,4,0,0,0
Romain-Ly,linux_ebpf_jit,https://github.com/Romain-Ly/linux_ebpf_jit.git,26,1,1,0
cooshal,eBPF-sample,https://github.com/cooshal/eBPF-sample.git,7,0,0,0
wrightrocket,example-ebpf-socket,https://github.com/wrightrocket/example-ebpf-socket.git,0,0,0,0
tamihiro,bcc_ebpf_ttl,https://github.com/tamihiro/bcc_ebpf_ttl.git,2,0,0,0
higebu,docker-ebpf-build,https://github.com/higebu/docker-ebpf-build.git,2,0,0,0
IfanTsai,ebpf-tcp-ping,https://github.com/IfanTsai/ebpf-tcp-ping.git,267,0,0,0
tigera,ccol2ebpf,https://github.com/tigera/ccol2ebpf.git,6,0,0,0
hackertarget,osquery-ebpf-config,https://github.com/hackertarget/osquery-ebpf-config.git,10,1,1,0
syseleven,fuse-ebpf-exporter,https://github.com/syseleven/fuse-ebpf-exporter.git,16,1,1,0
giuliafrascaria,ebpf-filter-reduce,https://github.com/giuliafrascaria/ebpf-filter-reduce.git,32551,0,0,0
Life4honor,eBPF-practice,https://github.com/Life4honor/eBPF-practice.git,0,0,0,0
moldabekov,eBPF-app-analyzer,https://github.com/moldabekov/eBPF-app-analyzer.git,2,0,0,0
habibiefaried,xdp-ebpf-sample,https://github.com/habibiefaried/xdp-ebpf-sample.git,32,1,0,0
WagnerMarcos,Verificador-eBPF,https://github.com/WagnerMarcos/Verificador-eBPF.git,39,0,0,6
danielagenaro98,Verificador-eBPF,https://github.com/danielagenaro98/Verificador-eBPF.git,67,0,0,7
wazahm,ebpf-example-1,https://github.com/wazahm/ebpf-example-1.git,723,0,0,0
bundai223,sd_eBPF,https://github.com/bundai223/sd_eBPF.git,0,0,0,0
algogrit,presentation-go-meets-ebpf,https://github.com/algogrit/presentation-go-meets-ebpf.git,76,0,0,0
ahn9807,eBPF-Tutorial,https://github.com/ahn9807/eBPF-Tutorial.git,16,1,0,0
22RC,example_eBPF,https://github.com/22RC/example_eBPF.git,4,0,0,0
daisuke-settai,eBPF-sample,https://github.com/daisuke-settai/eBPF-sample.git,4,0,0,0
ChengWu-NJ,ebpf-bcc-apps,https://github.com/ChengWu-NJ/ebpf-bcc-apps.git,11,0,0,0
trialley,eBPF-Diary,https://github.com/trialley/eBPF-Diary.git,2,0,0,0
IntelligentDDS,eBPF-Fault-Injection,https://github.com/IntelligentDDS/eBPF-Fault-Injection.git,394,1,0,0
buttahtoast,ebpf_signature_verifier,https://github.com/buttahtoast/ebpf_signature_verifier.git,0,0,0,0
BaptistePires,eBPF_MKL_metrics,https://github.com/BaptistePires/eBPF_MKL_metrics.git,278,0,0,0
udana59,eBPFJITResearchProject,https://github.com/udana59/eBPFJITResearchProject.git,0,0,0,0
awesome-ebpf,awesome-ebpf.github.io,https://github.com/awesome-ebpf/awesome-ebpf.github.io.git,6134,1,0,0
cilium,ebpf.io-summit,https://github.com/cilium/ebpf.io-summit.git,4241,1,0,0
lux-hacker,WAF-with-eBPF,https://github.com/lux-hacker/WAF-with-eBPF.git,4,0,0,0
Ocram95,eBPF-Framework-Simulator,https://github.com/Ocram95/eBPF-Framework-Simulator.git,239,0,0,0
docent-net,ebpf-fun-and-learn,https://github.com/docent-net/ebpf-fun-and-learn.git,3,0,0,0
mmvieira,ASPLOS-eBPFlow,https://github.com/mmvieira/ASPLOS-eBPFlow.git,2181,0,0,0
hoang-tranviet,mptcp-ebpf-resources,https://github.com/hoang-tranviet/mptcp-ebpf-resources.git,2,1,0,0
CBackyx,eBPF-map,https://github.com/CBackyx/eBPF-map.git,9,0,0,0
mr-r3bot,eBPF-playground,https://github.com/mr-r3bot/eBPF-playground.git,36,0,0,0
nitishm,ebpf-xdp-drop-example,https://github.com/nitishm/ebpf-xdp-drop-example.git,14,0,0,0
soramitsu,iroha2-ebpf-prototype,https://github.com/soramitsu/iroha2-ebpf-prototype.git,90,0,1,0
ForeverZyh,P3-eBPF,https://github.com/ForeverZyh/P3-eBPF.git,998,0,0,0
sokoide,ebpf-hello-world,https://github.com/sokoide/ebpf-hello-world.git,12,0,0,0
bluec0re,ebpf-considered-harmful,https://github.com/bluec0re/ebpf-considered-harmful.git,623,1,0,0
FloatingGuy,ebpf_mapfd_doubleput_exploit,https://github.com/FloatingGuy/ebpf_mapfd_doubleput_exploit.git,3,1,1,0
fr0zn,ebpf-diss-asm,https://github.com/fr0zn/ebpf-diss-asm.git,12,1,0,0
christian-blades-cb,ebpf-rust-class,https://github.com/christian-blades-cb/ebpf-rust-class.git,5,0,0,0
Aetheya,ebpf_monitor_IoT,https://github.com/Aetheya/ebpf_monitor_IoT.git,169,0,0,0
caruccio,ebpf-xdp-test,https://github.com/caruccio/ebpf-xdp-test.git,2,0,0,0
xlab-uiuc,seccomp-ebpf-upstream,https://github.com/xlab-uiuc/seccomp-ebpf-upstream.git,1659072,0,1,0
galaxyll,redis_ebpf_go,https://github.com/galaxyll/redis_ebpf_go.git,7206,1,0,0
aayoubi,observability-with-ebpf,https://github.com/aayoubi/observability-with-ebpf.git,12,0,0,0
FourOneLab,eBPF-Handbook,https://github.com/FourOneLab/eBPF-Handbook.git,1,0,0,0
withlin,ebpf-loadbalancer-example,https://github.com/withlin/ebpf-loadbalancer-example.git,0,0,0,0
ainozaki,eBPF-runtime,https://github.com/ainozaki/eBPF-runtime.git,8,0,0,0
alicek106,ebpf-golang-examples,https://github.com/alicek106/ebpf-golang-examples.git,61,0,0,0
SalvatoreCostantino,eBPF_TCPFlow,https://github.com/SalvatoreCostantino/eBPF_TCPFlow.git,388,0,0,0
mongodb-labs,mongo-ebpf-tools,https://github.com/mongodb-labs/mongo-ebpf-tools.git,111,0,1,0
keikumata,ebpf-libbpf-exporter,https://github.com/keikumata/ebpf-libbpf-exporter.git,2,0,0,0
kevdef,eBPF-Congestion-Control,https://github.com/kevdef/eBPF-Congestion-Control.git,72,0,0,0
djobiii2078,ebpf-sched-interface,https://github.com/djobiii2078/ebpf-sched-interface.git,76,0,1,0
P4-Research,psa-ebpf-demo,https://github.com/P4-Research/psa-ebpf-demo.git,19,1,0,0
amit-sides,eBPF-TCP-Tracer,https://github.com/amit-sides/eBPF-TCP-Tracer.git,6,0,0,0
dfirence,linux-ebpf-experiments,https://github.com/dfirence/linux-ebpf-experiments.git,46,0,0,0
NickCao,ebpf-verifier-rs,https://github.com/NickCao/ebpf-verifier-rs.git,12,0,0,0
henrikrexed,ebpf_bcc_exporter,https://github.com/henrikrexed/ebpf_bcc_exporter.git,46,0,0,0
junyang-zh,eBPF-PayloadFilter,https://github.com/junyang-zh/eBPF-PayloadFilter.git,293,0,0,0
zefanxu,eBPF_interpreter,https://github.com/zefanxu/eBPF_interpreter.git,7,0,0,0
gpellicci,eBPF-injection,https://github.com/gpellicci/eBPF-injection.git,191124,0,0,0
EmilGedda,Linux-eBPF-Fuzzer,https://github.com/EmilGedda/Linux-eBPF-Fuzzer.git,0,0,0,0
oscomp2,proj20-ebpf-perftool,https://github.com/oscomp2/proj20-ebpf-perftool.git,2,0,0,0
Tredici,eBPF-C-examples,https://github.com/Tredici/eBPF-C-examples.git,4,0,0,0
eiffel-fl,cilium-ebpf-problem-reproducer,https://github.com/eiffel-fl/cilium-ebpf-problem-reproducer.git,582,0,0,0
MagicVin,eBPF_inspirations,https://github.com/MagicVin/eBPF_inspirations.git,4,0,0,0
212bypark,eBPF_program,https://github.com/212bypark/eBPF_program.git,2703,0,0,0
code-ape,ebpf-developer-kit,https://github.com/code-ape/ebpf-developer-kit.git,72,1,0,1
chao0070,ebpf-policy-enforcer,https://github.com/chao0070/ebpf-policy-enforcer.git,3,0,0,0
rutaka-n,ebpf_xdp_examples,https://github.com/rutaka-n/ebpf_xdp_examples.git,5,0,0,0
rgo3,eBPF-ocits,https://github.com/rgo3/eBPF-ocits.git,1,1,0,0
safchain,ebpf-stress-poc,https://github.com/safchain/ebpf-stress-poc.git,1,0,0,0
thehackercat,eBPF-chinese-notebook,https://github.com/thehackercat/eBPF-chinese-notebook.git,11,1,0,0
ShixiongQi,UCR-eBPF,https://github.com/ShixiongQi/UCR-eBPF.git,4861,1,0,0
igrslv,ebpf-rust-examples,https://github.com/igrslv/ebpf-rust-examples.git,9,0,0,0
thompsy,ebpf-summit-2021-ctf,https://github.com/thompsy/ebpf-summit-2021-ctf.git,16,0,0,0
bergeramit,proto2ebpf,https://github.com/bergeramit/proto2ebpf.git,30,0,0,0
Sentinel-One,s1-ebpfs,https://github.com/Sentinel-One/s1-ebpfs.git,4,1,0,0
ZirakZaheer,ZeroTrust-Ebpf,https://github.com/ZirakZaheer/ZeroTrust-Ebpf.git,26257,1,1,0
stefanmaerz,eBPF_communityID,https://github.com/stefanmaerz/eBPF_communityID.git,22,0,0,0
oneiro-naut,port_block_ebpf,https://github.com/oneiro-naut/port_block_ebpf.git,2,0,0,0
dxlearn,eBPF_network,https://github.com/dxlearn/eBPF_network.git,3,0,0,0
madhusudanas,ebpf_14oct,https://github.com/madhusudanas/ebpf_14oct.git,5297,0,0,0
hangyan,go-ebpf-tp,https://github.com/hangyan/go-ebpf-tp.git,3162,0,0,0
Abracax,ebpf_bytecode_loader,https://github.com/Abracax/ebpf_bytecode_loader.git,47,1,0,0
stokito,ebpf-web-proxy,https://github.com/stokito/ebpf-web-proxy.git,18,1,0,0
hangyan,tc-ebpf-test,https://github.com/hangyan/tc-ebpf-test.git,4,0,0,0
trailofbits,btfparse,https://github.com/trailofbits/btfparse.git,64,4,1,0
andreabonanno,eBPF_Classifier,https://github.com/andreabonanno/eBPF_Classifier.git,65,0,0,0
astrid-project,Attestation-eBPF-Tracing,https://github.com/astrid-project/Attestation-eBPF-Tracing.git,62,0,0,0
takehaya,test_ebpf_map,https://github.com/takehaya/test_ebpf_map.git,44,0,0,0
RiedelNicolas,7542-Verificador_eBPF,https://github.com/RiedelNicolas/7542-Verificador_eBPF.git,282,0,0,1
sudhendu,PerTenantFTUsingEBPF,https://github.com/sudhendu/PerTenantFTUsingEBPF.git,1890,0,0,0
intelav,eBPF_examples,https://github.com/intelav/eBPF_examples.git,8,0,0,0
fabstu,lsm-ebpf-experimenting,https://github.com/fabstu/lsm-ebpf-experimenting.git,632,1,0,0
sloorush,ebpf-process-logger,https://github.com/sloorush/ebpf-process-logger.git,2,0,0,0
Hackerl,go-probe-ebpf,https://github.com/Hackerl/go-probe-ebpf.git,1141,2,0,0
massoudasadi,packiffer,https://github.com/massoudasadi/packiffer.git,11452,52,1,0
moolen,secco,https://github.com/moolen/secco.git,54,3,0,0
chenyuezhou,bpf-socket-rediret,https://github.com/chenyuezhou/bpf-socket-rediret.git,3,3,0,0
digma-ai,digma,https://github.com/digma-ai/digma.git,4787,66,2,0
feniljain,ebpf_http_trace_loader-rs,https://github.com/feniljain/ebpf_http_trace_loader-rs.git,6,0,0,0
nicboul,xdp_l2_tbf,https://github.com/nicboul/xdp_l2_tbf.git,3,1,0,0
andref5,bina,https://github.com/andref5/bina.git,13,0,0,0
lieslycatn,dpinoi,https://github.com/lieslycatn/dpinoi.git,0,0,0,0
mccormickt,bpf,https://github.com/mccormickt/bpf.git,146071,0,0,0
udzura,container-tracers,https://github.com/udzura/container-tracers.git,1522,0,0,0
satrobit,xdp_counter,https://github.com/satrobit/xdp_counter.git,2,0,0,0
Company4808,us0q0ebpfc,https://github.com/Company4808/us0q0ebpfc.git,283,0,0,0
khooi8913,p4-ebpf-no-ping,https://github.com/khooi8913/p4-ebpf-no-ping.git,27,0,1,0
trialley,MEM-insight-in-eBPF,https://github.com/trialley/MEM-insight-in-eBPF.git,272,0,0,0
ken109,aya-example,https://github.com/ken109/aya-example.git,7,0,0,0
hz-kelpie,go-uprobe,https://github.com/hz-kelpie/go-uprobe.git,5,0,0,0
Nehliin,heap-monitor,https://github.com/Nehliin/heap-monitor.git,55,0,0,0
kofonfor,ansible-role-prometheus-ebpf-exporter,https://github.com/kofonfor/ansible-role-prometheus-ebpf-exporter.git,6,0,1,0
n1g3ld0uglas,eBPF-CaliEnt-Install,https://github.com/n1g3ld0uglas/eBPF-CaliEnt-Install.git,29,0,1,0
dsrhaslab,catbpf,https://github.com/dsrhaslab/catbpf.git,74,0,0,0
dxuuu,go-trie-repro,https://github.com/dxuuu/go-trie-repro.git,641,0,0,0
vinutht,java-profiling,https://github.com/vinutht/java-profiling.git,1178,0,0,0
hangyan,go-bpf-trace,https://github.com/hangyan/go-bpf-trace.git,3525,0,0,0
nathanmartins,sysperf,https://github.com/nathanmartins/sysperf.git,624,0,0,0
Ankurk99,Load-Balancer-using-eBPF,https://github.com/Ankurk99/Load-Balancer-using-eBPF.git,0,0,0,0
KyoUK4n,kbpf,https://github.com/KyoUK4n/kbpf.git,1,0,0,0
oscomp,proj133-ebpf-tracing-framework,https://github.com/oscomp/proj133-ebpf-tracing-framework.git,4,2,0,0
jellor,gbpf,https://github.com/jellor/gbpf.git,0,0,0,0
ken109,redbpf-example,https://github.com/ken109/redbpf-example.git,16,0,0,0
cdelzotti,SNIff,https://github.com/cdelzotti/SNIff.git,1321,1,0,0
mildred,bpf-sk-lookup-manager,https://github.com/mildred/bpf-sk-lookup-manager.git,2103,1,0,0
zyxelvagmail2004,dpinoi,https://github.com/zyxelvagmail2004/dpinoi.git,0,0,0,0
willfindlay,BPF-RBC,https://github.com/willfindlay/BPF-RBC.git,23,0,0,0
drewrip,gotrace,https://github.com/drewrip/gotrace.git,4,0,0,0
utky,rbc,https://github.com/utky/rbc.git,46,0,0,0
bablon,c-bpf,https://github.com/bablon/c-bpf.git,32,0,0,0
snowp,spf,https://github.com/snowp/spf.git,65,0,0,0
subotic,bpf,https://github.com/subotic/bpf.git,10,0,0,0
wwwzzz6543n,dpinoi,https://github.com/wwwzzz6543n/dpinoi.git,0,0,0,0
fripSide,libebpf,https://github.com/fripSide/libebpf.git,55,0,0,0
annp1987,ddos_tool_with_xdp_ebpf,https://github.com/annp1987/ddos_tool_with_xdp_ebpf.git,0,0,0,0
shemminger,dpdk-filter,https://github.com/shemminger/dpdk-filter.git,8,0,0,0
cen-ngc5139,bcc-docker-file,https://github.com/cen-ngc5139/bcc-docker-file.git,8,0,0,0
xuzhen1210aliyuny,nirmata,https://github.com/xuzhen1210aliyuny/nirmata.git,0,0,0,0
microsoft,ebpf-for-windows-public-talks,https://github.com/microsoft/ebpf-for-windows-public-talks.git,887,0,0,0
medislam,ring_buffer_event_loss_ebpf,https://github.com/medislam/ring_buffer_event_loss_ebpf.git,4686,0,0,0
githubfoam,k8s-cilium-remote-sandbox,https://github.com/githubfoam/k8s-cilium-remote-sandbox.git,33,3,0,0
oskardrums,simbpf,https://github.com/oskardrums/simbpf.git,174,3,0,8
myl7,xdptun,https://github.com/myl7/xdptun.git,434,3,0,0
rdelfin,bcc_tutorial,https://github.com/rdelfin/bcc_tutorial.git,1,1,0,0
gamemann,IPIPDirect-TC,https://github.com/gamemann/IPIPDirect-TC.git,284,8,2,1
ChuanhongLi,cgroup-icmp-drop,https://github.com/ChuanhongLi/cgroup-icmp-drop.git,6,0,0,0
No9,tide-trace,https://github.com/No9/tide-trace.git,34,12,1,0
OpenCloudOS,fuse-extent,https://github.com/OpenCloudOS/fuse-extent.git,810,3,0,0
azulzaietz,TP2--Taller_de_programacion-eBPF,https://github.com/azulzaietz/TP2--Taller_de_programacion-eBPF.git,115,0,0,5
MaoJianwei,Mao_Stateful_NAT66_XDP_eBPF,https://github.com/MaoJianwei/Mao_Stateful_NAT66_XDP_eBPF.git,17,1,0,0
oscomp,proj108-eBPF-based-NFS,https://github.com/oscomp/proj108-eBPF-based-NFS.git,4,2,0,0
egmc,ebpf_exporter_tcp_syn_retrans_conf,https://github.com/egmc/ebpf_exporter_tcp_syn_retrans_conf.git,6,0,0,0
22RC,eBPF-TcpLatency-NetPagefault,https://github.com/22RC/eBPF-TcpLatency-NetPagefault.git,11,0,0,1
w01fb0ss,my_bpf_study,https://github.com/w01fb0ss/my_bpf_study.git,834,2,0,0
astoycos,k8s-network-policy-ebpf-controller,https://github.com/astoycos/k8s-network-policy-ebpf-controller.git,7,0,0,0
ssnathan30,Efficient-Data-Retrieval-Using-eBPF,https://github.com/ssnathan30/Efficient-Data-Retrieval-Using-eBPF.git,30,0,1,0
p-quic,ubpf,https://github.com/p-quic/ubpf.git,224,5,1,0
iomartin,libebpf-offload,https://github.com/iomartin/libebpf-offload.git,8,0,0,0
gist-banana,testttteteterefadf,https://github.com/gist-banana/testttteteterefadf.git,0,0,0,0
ZhengjunHUO,ciliumlearn,https://github.com/ZhengjunHUO/ciliumlearn.git,4300,0,0,0
bsalunke,docker_image_for_ebpf_using_bcc,https://github.com/bsalunke/docker_image_for_ebpf_using_bcc.git,2,0,0,0
chanslor,bcc-eBPF-tools-on-ol7,https://github.com/chanslor/bcc-eBPF-tools-on-ol7.git,796,1,1,0
stelosca96,Tesi-eBPF-DDoS-Filter,https://github.com/stelosca96/Tesi-eBPF-DDoS-Filter.git,22,0,0,1
avwsolutions,ebpf-show-n-tell-demo-material,https://github.com/avwsolutions/ebpf-show-n-tell-demo-material.git,26,1,0,0
ipgonzalez2,ParseMail,https://github.com/ipgonzalez2/ParseMail.git,100,0,0,0
thedavekwon,bpf-audit,https://github.com/thedavekwon/bpf-audit.git,104,0,1,0
quinn-han,chmodsnoop,https://github.com/quinn-han/chmodsnoop.git,93,0,0,0
TomatoMr,watch-dog,https://github.com/TomatoMr/watch-dog.git,74,0,1,0
IoTAccessControl,libebpf,https://github.com/IoTAccessControl/libebpf.git,0,0,0,0
netgroup,eclat-daemon,https://github.com/netgroup/eclat-daemon.git,2483,0,0,28
kris-nova,4n6,https://github.com/kris-nova/4n6.git,4,0,0,0
tonyluj,gobpf,https://github.com/tonyluj/gobpf.git,5,0,0,0
rogercoll,xdp,https://github.com/rogercoll/xdp.git,1,0,0,0
javadh75,BPF-Training,https://github.com/javadh75/BPF-Training.git,1408,0,0,0
polaris64,ssl-trace-bpf,https://github.com/polaris64/ssl-trace-bpf.git,5,0,0,0
infrared-rb,mruby-bin-mhelloworld,https://github.com/infrared-rb/mruby-bin-mhelloworld.git,21,1,0,0
pmcclory,se_stack_trace,https://github.com/pmcclory/se_stack_trace.git,3,0,0,0
at15,bop-bpf,https://github.com/at15/bop-bpf.git,34,0,0,1
rafaeldtinoco,ipsetaudit,https://github.com/rafaeldtinoco/ipsetaudit.git,1988,6,2,0
K-OpenNet,IOVisor-eDPFM,https://github.com/K-OpenNet/IOVisor-eDPFM.git,76249,0,0,0
dpp,bearfeeder,https://github.com/dpp/bearfeeder.git,15,0,0,0
almbladh,test-linux,https://github.com/almbladh/test-linux.git,7,0,0,0
srudi88,bpf-helpers,https://github.com/srudi88/bpf-helpers.git,89,0,0,0
bokjo,ciliumche,https://github.com/bokjo/ciliumche.git,40,0,0,0
nishalkulkarni,bpfwall,https://github.com/nishalkulkarni/bpfwall.git,8,0,0,0
andyfangdz,bpf-go-playground,https://github.com/andyfangdz/bpf-go-playground.git,4,0,0,0
alptugay,tcp-protector,https://github.com/alptugay/tcp-protector.git,24,0,0,0
Buzz2d0,hoplon,https://github.com/Buzz2d0/hoplon.git,64,1,0,0
rexrock,tc-xdp-drop-tcp,https://github.com/rexrock/tc-xdp-drop-tcp.git,4,0,0,0
Machinocheese,BPF-VM,https://github.com/Machinocheese/BPF-VM.git,22,0,0,0
isgasho,SailFirewall,https://github.com/isgasho/SailFirewall.git,10,0,0,0
aya-rs,dist,https://github.com/aya-rs/dist.git,0,0,0,0
willfindlay,BPF-ADHICT,https://github.com/willfindlay/BPF-ADHICT.git,9,0,0,0
hsqStephenZhang,ubpf-rs,https://github.com/hsqStephenZhang/ubpf-rs.git,91,1,0,0
terassyi,xdpcap-with-cilium,https://github.com/terassyi/xdpcap-with-cilium.git,13,0,0,0
Orexplore,bpf-fixup-ip-checksum,https://github.com/Orexplore/bpf-fixup-ip-checksum.git,17,0,0,0
dvdlevanon,bpf-exec-tracker,https://github.com/dvdlevanon/bpf-exec-tracker.git,1,0,0,0
kckeiks,pf-rs,https://github.com/kckeiks/pf-rs.git,680,1,0,0
netsys-lab,xiondp,https://github.com/netsys-lab/xiondp.git,0,0,0,0
roshpr,secops-falco,https://github.com/roshpr/secops-falco.git,61,1,1,0
HeyLaurelTestOrg,cilium,https://github.com/HeyLaurelTestOrg/cilium.git,173817,0,0,4
PengWu-wp,xdp-learning,https://github.com/PengWu-wp/xdp-learning.git,116,1,0,0
alexgpg,deeptcptracer,https://github.com/alexgpg/deeptcptracer.git,45,0,0,0
looshlee,cilium,https://github.com/looshlee/cilium.git,152239,1,0,8
gszxy,thrumbo,https://github.com/gszxy/thrumbo.git,6,0,0,0
mlavacca,PTT,https://github.com/mlavacca/PTT.git,923,1,1,0
chripell,flowsnoop,https://github.com/chripell/flowsnoop.git,874,0,0,0
gridgentoo,bpftrace,https://github.com/gridgentoo/bpftrace.git,2776,0,0,0
mhmxs,topwrite,https://github.com/mhmxs/topwrite.git,1,0,0,0
eset,eei-agent-linux-probes,https://github.com/eset/eei-agent-linux-probes.git,12,1,0,0
willfindlay,suidsnoop,https://github.com/willfindlay/suidsnoop.git,179,8,0,0
rgolangh,gnome-shell-extension-camera-indicator,https://github.com/rgolangh/gnome-shell-extension-camera-indicator.git,13,2,1,0
rafaeldtinoco,portablebpf,https://github.com/rafaeldtinoco/portablebpf.git,1632,30,3,0
mmisono,try-bpftrace-in-mac,https://github.com/mmisono/try-bpftrace-in-mac.git,2,2,0,0
wofanli,route_loop_alert,https://github.com/wofanli/route_loop_alert.git,2,2,0,0
teknoraver,bptraf,https://github.com/teknoraver/bptraf.git,34,5,0,0
gjhenrique,bluetooth_exporter,https://github.com/gjhenrique/bluetooth_exporter.git,393,2,0,0
markpash,find-bad-middleboxes,https://github.com/markpash/find-bad-middleboxes.git,926,3,0,0
abdelhasib,RedBPF-Team-Kingoo,https://github.com/abdelhasib/RedBPF-Team-Kingoo.git,1178,5,2,0
grosualex,Sistem-de-Detectie-de-Anomalii-Folosind-Tehnologia-eBPF,https://github.com/grosualex/Sistem-de-Detectie-de-Anomalii-Folosind-Tehnologia-eBPF.git,22463,0,0,0
hyperlyz,Linux_LPE_eBPF_4.20rc1-4,https://github.com/hyperlyz/Linux_LPE_eBPF_4.20rc1-4.git,2125,0,0,0
nanorobocop,execsnoop-k8s,https://github.com/nanorobocop/execsnoop-k8s.git,1925,0,0,0
JagwarWest,lab-ebpf-based-tracing-for-packer-analysis-public,https://github.com/JagwarWest/lab-ebpf-based-tracing-for-packer-analysis-public.git,935,0,0,0
harai,efsslow,https://github.com/harai/efsslow.git,108,0,0,0
codilime,modern-dc,https://github.com/codilime/modern-dc.git,15452,11,2,0
moolen,juno,https://github.com/moolen/juno.git,21365,2,1,0
shun159,gethostlatency,https://github.com/shun159/gethostlatency.git,618,0,0,0
tw4452852,rust_bpf_minimal,https://github.com/tw4452852/rust_bpf_minimal.git,29,0,0,0
kgpp34,learning-BPF,https://github.com/kgpp34/learning-BPF.git,5,0,0,0
netlox-dev,test-scripts,https://github.com/netlox-dev/test-scripts.git,8,0,0,0
ethercflow,libdw-bpf,https://github.com/ethercflow/libdw-bpf.git,233,1,1,0
lemonrock,ubpf,https://github.com/lemonrock/ubpf.git,92,0,0,0
fntlnz,oscon-19-demo,https://github.com/fntlnz/oscon-19-demo.git,29,0,0,0
erik-dekker,performancetools,https://github.com/erik-dekker/performancetools.git,1,0,0,0
Asphaltt,iptables-bpf,https://github.com/Asphaltt/iptables-bpf.git,638,1,0,0
Stantheman,bcc-php,https://github.com/Stantheman/bcc-php.git,4,0,0,0
cuhk-lambda,trace-gen,https://github.com/cuhk-lambda/trace-gen.git,8,0,0,0
vadorovsky,aya-log-example,https://github.com/vadorovsky/aya-log-example.git,179,0,0,0
vnik5287,CVE-2017-16995,https://github.com/vnik5287/CVE-2017-16995.git,1,1,0,0
bahorn,synthcallwave,https://github.com/bahorn/synthcallwave.git,5,1,0,1
ekoops,polykube-operator,https://github.com/ekoops/polykube-operator.git,5650,0,0,0
dalehamel,ruby-production-breakpoints,https://github.com/dalehamel/ruby-production-breakpoints.git,104,1,0,2
heistp,tc-users,https://github.com/heistp/tc-users.git,47,1,0,0
SaKu2110,trace-docker,https://github.com/SaKu2110/trace-docker.git,1,0,0,0
szuwgh,villus,https://github.com/szuwgh/villus.git,2409,1,0,0
nextus,majortop,https://github.com/nextus/majortop.git,50,0,0,0
nimrodshn,fwrouter,https://github.com/nimrodshn/fwrouter.git,11501,1,1,0
espegro,contracker,https://github.com/espegro/contracker.git,11,0,1,0
moldabekov,bpf-ids,https://github.com/moldabekov/bpf-ids.git,1,1,0,0
